State,EOF,INT,SEMI,COMMA,ID,ASSIGN,INT_NUM,LSQUARE,RSQUARE,LBRACE,RBRACE,ELSE,IF,LPAR,RPAR,WHILE,DO,RETURN,READ,WRITE,OROR,ANDAND,OR_OP,AND_OP,EQ,NOTEQ,LT,GT,LTEQ,GTEQ,SHL_OP,SHR_OP,PLUS,MINUS,MUL_OP,DIV_OP,NOT_OP,$,program,var_declarations,var_declaration,declaration_list,declaration,code_block,statements,statement,control_statement,read_write_statement,assign_statement,if_statement,if_stmt,while_statement,do_while_statement,return_statement,read_statement,write_statement,exp,exp1,exp2,exp3,exp4,exp5,exp6,exp7,exp8,exp9,exp10,exp11
0,,s3,r2,,r2,,,,,,,,r2,,,r2,r2,r2,r2,r2,,,,,,,,,,,,,,,,,,,,1,2,,,,,,,,,,,,,,,,,,,,,,,,,,,
1,,,s9,,s10,,,,,,,,s23,,,s18,s19,s20,s21,s22,,,,,,,,,,,,,,,,,,,,,,,,,4,5,7,8,6,11,17,12,13,14,15,16,,,,,,,,,,,,
2,,s3,r2,,r2,,,,,,,,r2,,,r2,r2,r2,r2,r2,,,,,,,,,,,,,,,,,,,,24,2,,,,,,,,,,,,,,,,,,,,,,,,,,,
3,,,,,s27,,,,,,,,,,,,,,,,,,,,,,,,,,,,,,,,,,,,,25,26,,,,,,,,,,,,,,,,,,,,,,,,,
4,s28,,s9,,s10,,,,,,,,s23,,,s18,s19,s20,s21,s22,,,,,,,,,,,,,,,,,,,,,,,,,,29,7,8,6,11,17,12,13,14,15,16,,,,,,,,,,,,
5,r12,,r12,,r12,,,,,,,,r12,,,r12,r12,r12,r12,r12,,,,,,,,,,,,,,,,,,,,,,,,,,,,,,,,,,,,,,,,,,,,,,,,
6,,,s30,,,,,,,,,,,,,,,,,,,,,,,,,,,,,,,,,,,,,,,,,,,,,,,,,,,,,,,,,,,,,,,,,
7,r14,,r14,,r14,,,,,,,,r14,,,r14,r14,r14,r14,r14,,,,,,,,,,,,,,,,,,,,,,,,,,,,,,,,,,,,,,,,,,,,,,,,
8,,,s31,,,,,,,,,,,,,,,,,,,,,,,,,,,,,,,,,,,,,,,,,,,,,,,,,,,,,,,,,,,,,,,,,
9,r16,,r16,,r16,,,,,,,,r16,,,r16,r16,r16,r16,r16,,,,,,,,,,,,,,,,,,,,,,,,,,,,,,,,,,,,,,,,,,,,,,,,
10,,,,,,s33,,s32,,,,,,,,,,,,,,,,,,,,,,,,,,,,,,,,,,,,,,,,,,,,,,,,,,,,,,,,,,,,
11,r17,,r17,,r17,,,,,,,,r17,,,r17,r17,r17,r17,r17,,,,,,,,,,,,,,,,,,,,,,,,,,,,,,,,,,,,,,,,,,,,,,,,
12,r18,,r18,,r18,,,,,,,,r18,,,r18,r18,r18,r18,r18,,,,,,,,,,,,,,,,,,,,,,,,,,,,,,,,,,,,,,,,,,,,,,,,
13,,,s34,,,,,,,,,,,,,,,,,,,,,,,,,,,,,,,,,,,,,,,,,,,,,,,,,,,,,,,,,,,,,,,,,
14,,,s35,,,,,,,,,,,,,,,,,,,,,,,,,,,,,,,,,,,,,,,,,,,,,,,,,,,,,,,,,,,,,,,,,
15,,,r21,,,,,,,,,,,,,,,,,,,,,,,,,,,,,,,,,,,,,,,,,,,,,,,,,,,,,,,,,,,,,,,,,
16,,,r22,,,,,,,,,,,,,,,,,,,,,,,,,,,,,,,,,,,,,,,,,,,,,,,,,,,,,,,,,,,,,,,,,
17,r25,,r25,,r25,,,,,,,s36,r25,,,r25,r25,r25,r25,r25,,,,,,,,,,,,,,,,,,,,,,,,,,,,,,,,,,,,,,,,,,,,,,,,
18,,,,,,,,,,,,,,s37,,,,,,,,,,,,,,,,,,,,,,,,,,,,,,,,,,,,,,,,,,,,,,,,,,,,,,
19,,,s44,,s10,,,,,s40,,,s51,,,s50,s19,s20,s21,s22,,,,,,,,,,,,,,,,,,,,,,,,38,,39,42,43,41,45,49,46,47,48,15,16,,,,,,,,,,,,
20,,,r30,,,,,,,,,,,,,,,,,,,,,,,,,,,,,,,,,,,,,,,,,,,,,,,,,,,,,,,,,,,,,,,,,
21,,,,,,,,,,,,,,s52,,,,,,,,,,,,,,,,,,,,,,,,,,,,,,,,,,,,,,,,,,,,,,,,,,,,,,
22,,,,,,,,,,,,,,s53,,,,,,,,,,,,,,,,,,,,,,,,,,,,,,,,,,,,,,,,,,,,,,,,,,,,,,
23,,,,,,,,,,,,,,s54,,,,,,,,,,,,,,,,,,,,,,,,,,,,,,,,,,,,,,,,,,,,,,,,,,,,,,
24,,,r1,,r1,,,,,,,,r1,,,r1,r1,r1,r1,r1,,,,,,,,,,,,,,,,,,,,,,,,,,,,,,,,,,,,,,,,,,,,,,,,
25,,,s55,s56,,,,,,,,,,,,,,,,,,,,,,,,,,,,,,,,,,,,,,,,,,,,,,,,,,,,,,,,,,,,,,,,
26,,,r5,r5,,,,,,,,,,,,,,,,,,,,,,,,,,,,,,,,,,,,,,,,,,,,,,,,,,,,,,,,,,,,,,,,
27,,,r8,r8,,s57,,s58,,,,,,,,,,,,,,,,,,,,,,,,,,,,,,,,,,,,,,,,,,,,,,,,,,,,,,,,,,,,
28,,,,,,,,,,,,,,,,,,,,,,,,,,,,,,,,,,,,,,acc,,,,,,,,,,,,,,,,,,,,,,,,,,,,,,
29,r11,,r11,,r11,,,,,,,,r11,,,r11,r11,r11,r11,r11,,,,,,,,,,,,,,,,,,,,,,,,,,,,,,,,,,,,,,,,,,,,,,,,
30,r13,,r13,,r13,,,,,,,,r13,,,r13,r13,r13,r13,r13,,,,,,,,,,,,,,,,,,,,,,,,,,,,,,,,,,,,,,,,,,,,,,,,
31,r15,,r15,,r15,,,,,,,,r15,,,r15,r15,r15,r15,r15,,,,,,,,,,,,,,,,,,,,,,,,,,,,,,,,,,,,,,,,,,,,,,,,
32,,,,,s73,,s74,,,,,,,s75,,,,,,,,,,,,,,,,,,,,s71,,,s70,,,,,,,,,,,,,,,,,,,,59,60,61,62,63,64,65,66,67,68,69,72
33,,,,,s90,,s91,,,,,,,s92,,,,,,,,,,,,,,,,,,,,s88,,,s87,,,,,,,,,,,,,,,,,,,,76,77,78,79,80,81,82,83,84,85,86,89
34,r19,,r19,,r19,,,,,,,,r19,,,r19,r19,r19,r19,r19,,,,,,,,,,,,,,,,,,,,,,,,,,,,,,,,,,,,,,,,,,,,,,,,
35,r20,,r20,,r20,,,,,,,,r20,,,r20,r20,r20,r20,r20,,,,,,,,,,,,,,,,,,,,,,,,,,,,,,,,,,,,,,,,,,,,,,,,
36,,,s9,,s10,,,,,s95,,,s23,,,s18,s19,s20,s21,s22,,,,,,,,,,,,,,,,,,,,,,,,93,,94,7,8,6,11,17,12,13,14,15,16,,,,,,,,,,,,
37,,,,,s110,,s111,,,,,,,s112,,,,,,,,,,,,,,,,,,,,s108,,,s107,,,,,,,,,,,,,,,,,,,,96,97,98,99,100,101,102,103,104,105,106,109
38,,,,,,,,,,,,,,,,s113,,,,,,,,,,,,,,,,,,,,,,,,,,,,,,,,,,,,,,,,,,,,,,,,,,,,
39,,,,,,,,,,,,,,,,r9,,,,,,,,,,,,,,,,,,,,,,,,,,,,,,,,,,,,,,,,,,,,,,,,,,,,
40,,,s119,,s10,,,,,,,,s126,,,s125,s19,s20,s21,s22,,,,,,,,,,,,,,,,,,,,,,,,,114,115,117,118,116,120,124,121,122,123,15,16,,,,,,,,,,,,
41,,,s127,,,,,,,,,,,,,,,,,,,,,,,,,,,,,,,,,,,,,,,,,,,,,,,,,,,,,,,,,,,,,,,,,
42,,,,,,,,,,,,,,,,r14,,,,,,,,,,,,,,,,,,,,,,,,,,,,,,,,,,,,,,,,,,,,,,,,,,,,
43,,,s128,,,,,,,,,,,,,,,,,,,,,,,,,,,,,,,,,,,,,,,,,,,,,,,,,,,,,,,,,,,,,,,,,
44,,,,,,,,,,,,,,,,r16,,,,,,,,,,,,,,,,,,,,,,,,,,,,,,,,,,,,,,,,,,,,,,,,,,,,
45,,,,,,,,,,,,,,,,r17,,,,,,,,,,,,,,,,,,,,,,,,,,,,,,,,,,,,,,,,,,,,,,,,,,,,
46,,,,,,,,,,,,,,,,r18,,,,,,,,,,,,,,,,,,,,,,,,,,,,,,,,,,,,,,,,,,,,,,,,,,,,
47,,,s129,,,,,,,,,,,,,,,,,,,,,,,,,,,,,,,,,,,,,,,,,,,,,,,,,,,,,,,,,,,,,,,,,
48,,,s130,,,,,,,,,,,,,,,,,,,,,,,,,,,,,,,,,,,,,,,,,,,,,,,,,,,,,,,,,,,,,,,,,
49,,,,,,,,,,,,s131,,,,r25,,,,,,,,,,,,,,,,,,,,,,,,,,,,,,,,,,,,,,,,,,,,,,,,,,,,
50,,,,,,,,,,,,,,s132,,,,,,,,,,,,,,,,,,,,,,,,,,,,,,,,,,,,,,,,,,,,,,,,,,,,,,
51,,,,,,,,,,,,,,s133,,,,,,,,,,,,,,,,,,,,,,,,,,,,,,,,,,,,,,,,,,,,,,,,,,,,,,
52,,,,,s134,,,,,,,,,,,,,,,,,,,,,,,,,,,,,,,,,,,,,,,,,,,,,,,,,,,,,,,,,,,,,,,
53,,,,,s110,,s111,,,,,,,s112,,,,,,,,,,,,,,,,,,,,s108,,,s107,,,,,,,,,,,,,,,,,,,,135,97,98,99,100,101,102,103,104,105,106,109
54,,,,,s110,,s111,,,,,,,s112,,,,,,,,,,,,,,,,,,,,s108,,,s107,,,,,,,,,,,,,,,,,,,,136,97,98,99,100,101,102,103,104,105,106,109
55,,r3,r3,,r3,,,,,,,,r3,,,r3,r3,r3,r3,r3,,,,,,,,,,,,,,,,,,,,,,,,,,,,,,,,,,,,,,,,,,,,,,,,
56,,,,,s27,,,,,,,,,,,,,,,,,,,,,,,,,,,,,,,,,,,,,,137,,,,,,,,,,,,,,,,,,,,,,,,,
57,,,,,,,s138,,,,,,,,,,,,,,,,,,,,,,,,,,,,,,,,,,,,,,,,,,,,,,,,,,,,,,,,,,,,,
58,,,,,,,s139,,,,,,,,,,,,,,,,,,,,,,,,,,,,,,,,,,,,,,,,,,,,,,,,,,,,,,,,,,,,,
59,,,,,,,,,s140,,,,,,,,,,,,,,,,,,,,,,,,,,,,,,,,,,,,,,,,,,,,,,,,,,,,,,,,,,,
60,,,,,,,,,r33,,,,,,,,,,,,s141,,,,,,,,,,,,,,,,,,,,,,,,,,,,,,,,,,,,,,,,,,,,,,,
61,,,,,,,,,r35,,,,,,,,,,,,r35,s142,,,,,,,,,,,,,,,,,,,,,,,,,,,,,,,,,,,,,,,,,,,,,,
62,,,,,,,,,r37,,,,,,,,,,,,r37,r37,s143,,,,,,,,,,,,,,,,,,,,,,,,,,,,,,,,,,,,,,,,,,,,,
63,,,,,,,,,r39,,,,,,,,,,,,r39,r39,r39,s144,,,,,,,,,,,,,,,,,,,,,,,,,,,,,,,,,,,,,,,,,,,,
64,,,,,,,,,r41,,,,,,,,,,,,r41,r41,r41,r41,s145,s146,,,,,,,,,,,,,,,,,,,,,,,,,,,,,,,,,,,,,,,,,,
65,,,,,,,,,r44,,,,,,,,,,,,r44,r44,r44,r44,r44,r44,s147,s148,s149,s150,,,,,,,,,,,,,,,,,,,,,,,,,,,,,,,,,,,,,,
66,,,,,,,,,r49,,,,,,,,,,,,r49,r49,r49,r49,r49,r49,r49,r49,r49,r49,s151,s152,,,,,,,,,,,,,,,,,,,,,,,,,,,,,,,,,,,,
67,,,,,,,,,r52,,,,,,,,,,,,r52,r52,r52,r52,r52,r52,r52,r52,r52,r52,r52,r52,s153,s154,,,,,,,,,,,,,,,,,,,,,,,,,,,,,,,,,,
68,,,,,,,,,r55,,,,,,,,,,,,r55,r55,r55,r55,r55,r55,r55,r55,r55,r55,r55,r55,r55,r55,s155,s156,,,,,,,,,,,,,,,,,,,,,,,,,,,,,,,,
69,,,,,,,,,r58,,,,,,,,,,,,r58,r58,r58,r58,r58,r58,r58,r58,r58,r58,r58,r58,r58,r58,r58,r58,,,,,,,,,,,,,,,,,,,,,,,,,,,,,,,,
70,,,,,s73,,s74,,,,,,,s75,,,,,,,,,,,,,,,,,,,,,,,,,,,,,,,,,,,,,,,,,,,,,,,,,,,,,,157
71,,,,,s73,,s74,,,,,,,s75,,,,,,,,,,,,,,,,,,,,,,,,,,,,,,,,,,,,,,,,,,,,,,,,,,,,,,158
72,,,,,,,,,r61,,,,,,,,,,,,r61,r61,r61,r61,r61,r61,r61,r61,r61,r61,r61,r61,r61,r61,r61,r61,,,,,,,,,,,,,,,,,,,,,,,,,,,,,,,,
73,,,,,,,,s159,r64,,,,,,,,,,,,r64,r64,r64,r64,r64,r64,r64,r64,r64,r64,r64,r64,r64,r64,r64,r64,,,,,,,,,,,,,,,,,,,,,,,,,,,,,,,,
74,,,,,,,,,r63,,,,,,,,,,,,r63,r63,r63,r63,r63,r63,r63,r63,r63,r63,r63,r63,r63,r63,r63,r63,,,,,,,,,,,,,,,,,,,,,,,,,,,,,,,,
75,,,,,s110,,s111,,,,,,,s112,,,,,,,,,,,,,,,,,,,,s108,,,s107,,,,,,,,,,,,,,,,,,,,160,97,98,99,100,101,102,103,104,105,106,109
76,,,r24,,,,,,,,,,,,,,,,,,,,,,,,,,,,,,,,,,,,,,,,,,,,,,,,,,,,,,,,,,,,,,,,,
77,,,r33,,,,,,,,,,,,,,,,,,s161,,,,,,,,,,,,,,,,,,,,,,,,,,,,,,,,,,,,,,,,,,,,,,,
78,,,r35,,,,,,,,,,,,,,,,,,r35,s162,,,,,,,,,,,,,,,,,,,,,,,,,,,,,,,,,,,,,,,,,,,,,,
79,,,r37,,,,,,,,,,,,,,,,,,r37,r37,s163,,,,,,,,,,,,,,,,,,,,,,,,,,,,,,,,,,,,,,,,,,,,,
80,,,r39,,,,,,,,,,,,,,,,,,r39,r39,r39,s164,,,,,,,,,,,,,,,,,,,,,,,,,,,,,,,,,,,,,,,,,,,,
81,,,r41,,,,,,,,,,,,,,,,,,r41,r41,r41,r41,s165,s166,,,,,,,,,,,,,,,,,,,,,,,,,,,,,,,,,,,,,,,,,,
82,,,r44,,,,,,,,,,,,,,,,,,r44,r44,r44,r44,r44,r44,s167,s168,s169,s170,,,,,,,,,,,,,,,,,,,,,,,,,,,,,,,,,,,,,,
83,,,r49,,,,,,,,,,,,,,,,,,r49,r49,r49,r49,r49,r49,r49,r49,r49,r49,s171,s172,,,,,,,,,,,,,,,,,,,,,,,,,,,,,,,,,,,,
84,,,r52,,,,,,,,,,,,,,,,,,r52,r52,r52,r52,r52,r52,r52,r52,r52,r52,r52,r52,s173,s174,,,,,,,,,,,,,,,,,,,,,,,,,,,,,,,,,,
85,,,r55,,,,,,,,,,,,,,,,,,r55,r55,r55,r55,r55,r55,r55,r55,r55,r55,r55,r55,r55,r55,s175,s176,,,,,,,,,,,,,,,,,,,,,,,,,,,,,,,,
86,,,r58,,,,,,,,,,,,,,,,,,r58,r58,r58,r58,r58,r58,r58,r58,r58,r58,r58,r58,r58,r58,r58,r58,,,,,,,,,,,,,,,,,,,,,,,,,,,,,,,,
87,,,,,s90,,s91,,,,,,,s92,,,,,,,,,,,,,,,,,,,,,,,,,,,,,,,,,,,,,,,,,,,,,,,,,,,,,,177
88,,,,,s90,,s91,,,,,,,s92,,,,,,,,,,,,,,,,,,,,,,,,,,,,,,,,,,,,,,,,,,,,,,,,,,,,,,178
89,,,r61,,,,,,,,,,,,,,,,,,r61,r61,r61,r61,r61,r61,r61,r61,r61,r61,r61,r61,r61,r61,r61,r61,,,,,,,,,,,,,,,,,,,,,,,,,,,,,,,,
90,,,r64,,,,,s179,,,,,,,,,,,,,r64,r64,r64,r64,r64,r64,r64,r64,r64,r64,r64,r64,r64,r64,r64,r64,,,,,,,,,,,,,,,,,,,,,,,,,,,,,,,,
91,,,r63,,,,,,,,,,,,,,,,,,r63,r63,r63,r63,r63,r63,r63,r63,r63,r63,r63,r63,r63,r63,r63,r63,,,,,,,,,,,,,,,,,,,,,,,,,,,,,,,,
92,,,,,s110,,s111,,,,,,,s112,,,,,,,,,,,,,,,,,,,,s108,,,s107,,,,,,,,,,,,,,,,,,,,180,97,98,99,100,101,102,103,104,105,106,109
93,r26,,r26,,r26,,,,,,,,r26,,,r26,r26,r26,r26,r26,,,,,,,,,,,,,,,,,,,,,,,,,,,,,,,,,,,,,,,,,,,,,,,,
94,r9,,r9,,r9,,,,,,,,r9,,,r9,r9,r9,r9,r9,,,,,,,,,,,,,,,,,,,,,,,,,,,,,,,,,,,,,,,,,,,,,,,,
95,,,s119,,s10,,,,,,,,s126,,,s125,s19,s20,s21,s22,,,,,,,,,,,,,,,,,,,,,,,,,181,115,117,118,116,120,124,121,122,123,15,16,,,,,,,,,,,,
96,,,,,,,,,,,,,,,s182,,,,,,,,,,,,,,,,,,,,,,,,,,,,,,,,,,,,,,,,,,,,,,,,,,,,,
97,,,,,,,,,,,,,,,r33,,,,,,s183,,,,,,,,,,,,,,,,,,,,,,,,,,,,,,,,,,,,,,,,,,,,,,,
98,,,,,,,,,,,,,,,r35,,,,,,r35,s184,,,,,,,,,,,,,,,,,,,,,,,,,,,,,,,,,,,,,,,,,,,,,,
99,,,,,,,,,,,,,,,r37,,,,,,r37,r37,s185,,,,,,,,,,,,,,,,,,,,,,,,,,,,,,,,,,,,,,,,,,,,,
100,,,,,,,,,,,,,,,r39,,,,,,r39,r39,r39,s186,,,,,,,,,,,,,,,,,,,,,,,,,,,,,,,,,,,,,,,,,,,,
101,,,,,,,,,,,,,,,r41,,,,,,r41,r41,r41,r41,s187,s188,,,,,,,,,,,,,,,,,,,,,,,,,,,,,,,,,,,,,,,,,,
102,,,,,,,,,,,,,,,r44,,,,,,r44,r44,r44,r44,r44,r44,s189,s190,s191,s192,,,,,,,,,,,,,,,,,,,,,,,,,,,,,,,,,,,,,,
103,,,,,,,,,,,,,,,r49,,,,,,r49,r49,r49,r49,r49,r49,r49,r49,r49,r49,s193,s194,,,,,,,,,,,,,,,,,,,,,,,,,,,,,,,,,,,,
104,,,,,,,,,,,,,,,r52,,,,,,r52,r52,r52,r52,r52,r52,r52,r52,r52,r52,r52,r52,s195,s196,,,,,,,,,,,,,,,,,,,,,,,,,,,,,,,,,,
105,,,,,,,,,,,,,,,r55,,,,,,r55,r55,r55,r55,r55,r55,r55,r55,r55,r55,r55,r55,r55,r55,s197,s198,,,,,,,,,,,,,,,,,,,,,,,,,,,,,,,,
106,,,,,,,,,,,,,,,r58,,,,,,r58,r58,r58,r58,r58,r58,r58,r58,r58,r58,r58,r58,r58,r58,r58,r58,,,,,,,,,,,,,,,,,,,,,,,,,,,,,,,,
107,,,,,s110,,s111,,,,,,,s112,,,,,,,,,,,,,,,,,,,,,,,,,,,,,,,,,,,,,,,,,,,,,,,,,,,,,,199
108,,,,,s110,,s111,,,,,,,s112,,,,,,,,,,,,,,,,,,,,,,,,,,,,,,,,,,,,,,,,,,,,,,,,,,,,,,200
109,,,,,,,,,,,,,,,r61,,,,,,r61,r61,r61,r61,r61,r61,r61,r61,r61,r61,r61,r61,r61,r61,r61,r61,,,,,,,,,,,,,,,,,,,,,,,,,,,,,,,,
110,,,,,,,,s201,,,,,,,r64,,,,,,r64,r64,r64,r64,r64,r64,r64,r64,r64,r64,r64,r64,r64,r64,r64,r64,,,,,,,,,,,,,,,,,,,,,,,,,,,,,,,,
111,,,,,,,,,,,,,,,r63,,,,,,r63,r63,r63,r63,r63,r63,r63,r63,r63,r63,r63,r63,r63,r63,r63,r63,,,,,,,,,,,,,,,,,,,,,,,,,,,,,,,,
112,,,,,s110,,s111,,,,,,,s112,,,,,,,,,,,,,,,,,,,,s108,,,s107,,,,,,,,,,,,,,,,,,,,202,97,98,99,100,101,102,103,104,105,106,109
113,,,,,,,,,,,,,,s203,,,,,,,,,,,,,,,,,,,,,,,,,,,,,,,,,,,,,,,,,,,,,,,,,,,,,,
114,,,s119,,s10,,,,,,s204,,s126,,,s125,s19,s20,s21,s22,,,,,,,,,,,,,,,,,,,,,,,,,,205,117,118,116,120,124,121,122,123,15,16,,,,,,,,,,,,
115,,,r12,,r12,,,,,,r12,,r12,,,r12,r12,r12,r12,r12,,,,,,,,,,,,,,,,,,,,,,,,,,,,,,,,,,,,,,,,,,,,,,,,
116,,,s206,,,,,,,,,,,,,,,,,,,,,,,,,,,,,,,,,,,,,,,,,,,,,,,,,,,,,,,,,,,,,,,,,
117,,,r14,,r14,,,,,,r14,,r14,,,r14,r14,r14,r14,r14,,,,,,,,,,,,,,,,,,,,,,,,,,,,,,,,,,,,,,,,,,,,,,,,
118,,,s207,,,,,,,,,,,,,,,,,,,,,,,,,,,,,,,,,,,,,,,,,,,,,,,,,,,,,,,,,,,,,,,,,
119,,,r16,,r16,,,,,,r16,,r16,,,r16,r16,r16,r16,r16,,,,,,,,,,,,,,,,,,,,,,,,,,,,,,,,,,,,,,,,,,,,,,,,
120,,,r17,,r17,,,,,,r17,,r17,,,r17,r17,r17,r17,r17,,,,,,,,,,,,,,,,,,,,,,,,,,,,,,,,,,,,,,,,,,,,,,,,
121,,,r18,,r18,,,,,,r18,,r18,,,r18,r18,r18,r18,r18,,,,,,,,,,,,,,,,,,,,,,,,,,,,,,,,,,,,,,,,,,,,,,,,
122,,,s208,,,,,,,,,,,,,,,,,,,,,,,,,,,,,,,,,,,,,,,,,,,,,,,,,,,,,,,,,,,,,,,,,
123,,,s209,,,,,,,,,,,,,,,,,,,,,,,,,,,,,,,,,,,,,,,,,,,,,,,,,,,,,,,,,,,,,,,,,
124,,,r25,,r25,,,,,,r25,s210,r25,,,r25,r25,r25,r25,r25,,,,,,,,,,,,,,,,,,,,,,,,,,,,,,,,,,,,,,,,,,,,,,,,
125,,,,,,,,,,,,,,s211,,,,,,,,,,,,,,,,,,,,,,,,,,,,,,,,,,,,,,,,,,,,,,,,,,,,,,
126,,,,,,,,,,,,,,s212,,,,,,,,,,,,,,,,,,,,,,,,,,,,,,,,,,,,,,,,,,,,,,,,,,,,,,
127,,,,,,,,,,,,,,,,r13,,,,,,,,,,,,,,,,,,,,,,,,,,,,,,,,,,,,,,,,,,,,,,,,,,,,
128,,,,,,,,,,,,,,,,r15,,,,,,,,,,,,,,,,,,,,,,,,,,,,,,,,,,,,,,,,,,,,,,,,,,,,
129,,,,,,,,,,,,,,,,r19,,,,,,,,,,,,,,,,,,,,,,,,,,,,,,,,,,,,,,,,,,,,,,,,,,,,
130,,,,,,,,,,,,,,,,r20,,,,,,,,,,,,,,,,,,,,,,,,,,,,,,,,,,,,,,,,,,,,,,,,,,,,
131,,,s44,,s10,,,,,s40,,,s51,,,s50,s19,s20,s21,s22,,,,,,,,,,,,,,,,,,,,,,,,213,,39,42,43,41,45,49,46,47,48,15,16,,,,,,,,,,,,
132,,,,,s110,,s111,,,,,,,s112,,,,,,,,,,,,,,,,,,,,s108,,,s107,,,,,,,,,,,,,,,,,,,,214,97,98,99,100,101,102,103,104,105,106,109
133,,,,,s110,,s111,,,,,,,s112,,,,,,,,,,,,,,,,,,,,s108,,,s107,,,,,,,,,,,,,,,,,,,,215,97,98,99,100,101,102,103,104,105,106,109
134,,,,,,,,,,,,,,,s216,,,,,,,,,,,,,,,,,,,,,,,,,,,,,,,,,,,,,,,,,,,,,,,,,,,,,
135,,,,,,,,,,,,,,,s217,,,,,,,,,,,,,,,,,,,,,,,,,,,,,,,,,,,,,,,,,,,,,,,,,,,,,
136,,,,,,,,,,,,,,,s218,,,,,,,,,,,,,,,,,,,,,,,,,,,,,,,,,,,,,,,,,,,,,,,,,,,,,
137,,,r4,r4,,,,,,,,,,,,,,,,,,,,,,,,,,,,,,,,,,,,,,,,,,,,,,,,,,,,,,,,,,,,,,,,
138,,,r6,r6,,,,,,,,,,,,,,,,,,,,,,,,,,,,,,,,,,,,,,,,,,,,,,,,,,,,,,,,,,,,,,,,
139,,,,,,,,,s219,,,,,,,,,,,,,,,,,,,,,,,,,,,,,,,,,,,,,,,,,,,,,,,,,,,,,,,,,,,
140,,,,,,s220,,,,,,,,,,,,,,,,,,,,,,,,,,,,,,,,,,,,,,,,,,,,,,,,,,,,,,,,,,,,,,
141,,,,,s73,,s74,,,,,,,s75,,,,,,,,,,,,,,,,,,,,s71,,,s70,,,,,,,,,,,,,,,,,,,,,,221,62,63,64,65,66,67,68,69,72
142,,,,,s73,,s74,,,,,,,s75,,,,,,,,,,,,,,,,,,,,s71,,,s70,,,,,,,,,,,,,,,,,,,,,,,222,63,64,65,66,67,68,69,72
143,,,,,s73,,s74,,,,,,,s75,,,,,,,,,,,,,,,,,,,,s71,,,s70,,,,,,,,,,,,,,,,,,,,,,,,223,64,65,66,67,68,69,72
144,,,,,s73,,s74,,,,,,,s75,,,,,,,,,,,,,,,,,,,,s71,,,s70,,,,,,,,,,,,,,,,,,,,,,,,,224,65,66,67,68,69,72
145,,,,,s73,,s74,,,,,,,s75,,,,,,,,,,,,,,,,,,,,s71,,,s70,,,,,,,,,,,,,,,,,,,,,,,,,,225,66,67,68,69,72
146,,,,,s73,,s74,,,,,,,s75,,,,,,,,,,,,,,,,,,,,s71,,,s70,,,,,,,,,,,,,,,,,,,,,,,,,,226,66,67,68,69,72
147,,,,,s73,,s74,,,,,,,s75,,,,,,,,,,,,,,,,,,,,s71,,,s70,,,,,,,,,,,,,,,,,,,,,,,,,,,227,67,68,69,72
148,,,,,s73,,s74,,,,,,,s75,,,,,,,,,,,,,,,,,,,,s71,,,s70,,,,,,,,,,,,,,,,,,,,,,,,,,,228,67,68,69,72
149,,,,,s73,,s74,,,,,,,s75,,,,,,,,,,,,,,,,,,,,s71,,,s70,,,,,,,,,,,,,,,,,,,,,,,,,,,229,67,68,69,72
150,,,,,s73,,s74,,,,,,,s75,,,,,,,,,,,,,,,,,,,,s71,,,s70,,,,,,,,,,,,,,,,,,,,,,,,,,,230,67,68,69,72
151,,,,,s73,,s74,,,,,,,s75,,,,,,,,,,,,,,,,,,,,s71,,,s70,,,,,,,,,,,,,,,,,,,,,,,,,,,,231,68,69,72
152,,,,,s73,,s74,,,,,,,s75,,,,,,,,,,,,,,,,,,,,s71,,,s70,,,,,,,,,,,,,,,,,,,,,,,,,,,,232,68,69,72
153,,,,,s73,,s74,,,,,,,s75,,,,,,,,,,,,,,,,,,,,s71,,,s70,,,,,,,,,,,,,,,,,,,,,,,,,,,,,233,69,72
154,,,,,s73,,s74,,,,,,,s75,,,,,,,,,,,,,,,,,,,,s71,,,s70,,,,,,,,,,,,,,,,,,,,,,,,,,,,,234,69,72
155,,,,,s73,,s74,,,,,,,s75,,,,,,,,,,,,,,,,,,,,s71,,,s70,,,,,,,,,,,,,,,,,,,,,,,,,,,,,,235,72
156,,,,,s73,,s74,,,,,,,s75,,,,,,,,,,,,,,,,,,,,s71,,,s70,,,,,,,,,,,,,,,,,,,,,,,,,,,,,,236,72
157,,,,,,,,,r59,,,,,,,,,,,,r59,r59,r59,r59,r59,r59,r59,r59,r59,r59,r59,r59,r59,r59,r59,r59,,,,,,,,,,,,,,,,,,,,,,,,,,,,,,,,
158,,,,,,,,,r60,,,,,,,,,,,,r60,r60,r60,r60,r60,r60,r60,r60,r60,r60,r60,r60,r60,r60,r60,r60,,,,,,,,,,,,,,,,,,,,,,,,,,,,,,,,
159,,,,,s73,,s74,,,,,,,s75,,,,,,,,,,,,,,,,,,,,s71,,,s70,,,,,,,,,,,,,,,,,,,,237,60,61,62,63,64,65,66,67,68,69,72
160,,,,,,,,,,,,,,,s238,,,,,,,,,,,,,,,,,,,,,,,,,,,,,,,,,,,,,,,,,,,,,,,,,,,,,
161,,,,,s90,,s91,,,,,,,s92,,,,,,,,,,,,,,,,,,,,s88,,,s87,,,,,,,,,,,,,,,,,,,,,,239,79,80,81,82,83,84,85,86,89
162,,,,,s90,,s91,,,,,,,s92,,,,,,,,,,,,,,,,,,,,s88,,,s87,,,,,,,,,,,,,,,,,,,,,,,240,80,81,82,83,84,85,86,89
163,,,,,s90,,s91,,,,,,,s92,,,,,,,,,,,,,,,,,,,,s88,,,s87,,,,,,,,,,,,,,,,,,,,,,,,241,81,82,83,84,85,86,89
164,,,,,s90,,s91,,,,,,,s92,,,,,,,,,,,,,,,,,,,,s88,,,s87,,,,,,,,,,,,,,,,,,,,,,,,,242,82,83,84,85,86,89
165,,,,,s90,,s91,,,,,,,s92,,,,,,,,,,,,,,,,,,,,s88,,,s87,,,,,,,,,,,,,,,,,,,,,,,,,,243,83,84,85,86,89
166,,,,,s90,,s91,,,,,,,s92,,,,,,,,,,,,,,,,,,,,s88,,,s87,,,,,,,,,,,,,,,,,,,,,,,,,,244,83,84,85,86,89
167,,,,,s90,,s91,,,,,,,s92,,,,,,,,,,,,,,,,,,,,s88,,,s87,,,,,,,,,,,,,,,,,,,,,,,,,,,245,84,85,86,89
168,,,,,s90,,s91,,,,,,,s92,,,,,,,,,,,,,,,,,,,,s88,,,s87,,,,,,,,,,,,,,,,,,,,,,,,,,,246,84,85,86,89
169,,,,,s90,,s91,,,,,,,s92,,,,,,,,,,,,,,,,,,,,s88,,,s87,,,,,,,,,,,,,,,,,,,,,,,,,,,247,84,85,86,89
170,,,,,s90,,s91,,,,,,,s92,,,,,,,,,,,,,,,,,,,,s88,,,s87,,,,,,,,,,,,,,,,,,,,,,,,,,,248,84,85,86,89
171,,,,,s90,,s91,,,,,,,s92,,,,,,,,,,,,,,,,,,,,s88,,,s87,,,,,,,,,,,,,,,,,,,,,,,,,,,,249,85,86,89
172,,,,,s90,,s91,,,,,,,s92,,,,,,,,,,,,,,,,,,,,s88,,,s87,,,,,,,,,,,,,,,,,,,,,,,,,,,,250,85,86,89
173,,,,,s90,,s91,,,,,,,s92,,,,,,,,,,,,,,,,,,,,s88,,,s87,,,,,,,,,,,,,,,,,,,,,,,,,,,,,251,86,89
174,,,,,s90,,s91,,,,,,,s92,,,,,,,,,,,,,,,,,,,,s88,,,s87,,,,,,,,,,,,,,,,,,,,,,,,,,,,,252,86,89
175,,,,,s90,,s91,,,,,,,s92,,,,,,,,,,,,,,,,,,,,s88,,,s87,,,,,,,,,,,,,,,,,,,,,,,,,,,,,,253,89
176,,,,,s90,,s91,,,,,,,s92,,,,,,,,,,,,,,,,,,,,s88,,,s87,,,,,,,,,,,,,,,,,,,,,,,,,,,,,,254,89
177,,,r59,,,,,,,,,,,,,,,,,,r59,r59,r59,r59,r59,r59,r59,r59,r59,r59,r59,r59,r59,r59,r59,r59,,,,,,,,,,,,,,,,,,,,,,,,,,,,,,,,
178,,,r60,,,,,,,,,,,,,,,,,,r60,r60,r60,r60,r60,r60,r60,r60,r60,r60,r60,r60,r60,r60,r60,r60,,,,,,,,,,,,,,,,,,,,,,,,,,,,,,,,
179,,,,,s73,,s74,,,,,,,s75,,,,,,,,,,,,,,,,,,,,s71,,,s70,,,,,,,,,,,,,,,,,,,,255,60,61,62,63,64,65,66,67,68,69,72
180,,,,,,,,,,,,,,,s256,,,,,,,,,,,,,,,,,,,,,,,,,,,,,,,,,,,,,,,,,,,,,,,,,,,,,
181,,,s119,,s10,,,,,,s257,,s126,,,s125,s19,s20,s21,s22,,,,,,,,,,,,,,,,,,,,,,,,,,205,117,118,116,120,124,121,122,123,15,16,,,,,,,,,,,,
182,,,s9,,s10,,,,,s95,,,s23,,,s18,s19,s20,s21,s22,,,,,,,,,,,,,,,,,,,,,,,,258,,94,7,8,6,11,17,12,13,14,15,16,,,,,,,,,,,,
183,,,,,s110,,s111,,,,,,,s112,,,,,,,,,,,,,,,,,,,,s108,,,s107,,,,,,,,,,,,,,,,,,,,,,259,99,100,101,102,103,104,105,106,109
184,,,,,s110,,s111,,,,,,,s112,,,,,,,,,,,,,,,,,,,,s108,,,s107,,,,,,,,,,,,,,,,,,,,,,,260,100,101,102,103,104,105,106,109
185,,,,,s110,,s111,,,,,,,s112,,,,,,,,,,,,,,,,,,,,s108,,,s107,,,,,,,,,,,,,,,,,,,,,,,,261,101,102,103,104,105,106,109
186,,,,,s110,,s111,,,,,,,s112,,,,,,,,,,,,,,,,,,,,s108,,,s107,,,,,,,,,,,,,,,,,,,,,,,,,262,102,103,104,105,106,109
187,,,,,s110,,s111,,,,,,,s112,,,,,,,,,,,,,,,,,,,,s108,,,s107,,,,,,,,,,,,,,,,,,,,,,,,,,263,103,104,105,106,109
188,,,,,s110,,s111,,,,,,,s112,,,,,,,,,,,,,,,,,,,,s108,,,s107,,,,,,,,,,,,,,,,,,,,,,,,,,264,103,104,105,106,109
189,,,,,s110,,s111,,,,,,,s112,,,,,,,,,,,,,,,,,,,,s108,,,s107,,,,,,,,,,,,,,,,,,,,,,,,,,,265,104,105,106,109
190,,,,,s110,,s111,,,,,,,s112,,,,,,,,,,,,,,,,,,,,s108,,,s107,,,,,,,,,,,,,,,,,,,,,,,,,,,266,104,105,106,109
191,,,,,s110,,s111,,,,,,,s112,,,,,,,,,,,,,,,,,,,,s108,,,s107,,,,,,,,,,,,,,,,,,,,,,,,,,,267,104,105,106,109
192,,,,,s110,,s111,,,,,,,s112,,,,,,,,,,,,,,,,,,,,s108,,,s107,,,,,,,,,,,,,,,,,,,,,,,,,,,268,104,105,106,109
193,,,,,s110,,s111,,,,,,,s112,,,,,,,,,,,,,,,,,,,,s108,,,s107,,,,,,,,,,,,,,,,,,,,,,,,,,,,269,105,106,109
194,,,,,s110,,s111,,,,,,,s112,,,,,,,,,,,,,,,,,,,,s108,,,s107,,,,,,,,,,,,,,,,,,,,,,,,,,,,270,105,106,109
195,,,,,s110,,s111,,,,,,,s112,,,,,,,,,,,,,,,,,,,,s108,,,s107,,,,,,,,,,,,,,,,,,,,,,,,,,,,,271,106,109
196,,,,,s110,,s111,,,,,,,s112,,,,,,,,,,,,,,,,,,,,s108,,,s107,,,,,,,,,,,,,,,,,,,,,,,,,,,,,272,106,109
197,,,,,s110,,s111,,,,,,,s112,,,,,,,,,,,,,,,,,,,,s108,,,s107,,,,,,,,,,,,,,,,,,,,,,,,,,,,,,273,109
198,,,,,s110,,s111,,,,,,,s112,,,,,,,,,,,,,,,,,,,,s108,,,s107,,,,,,,,,,,,,,,,,,,,,,,,,,,,,,274,109
199,,,,,,,,,,,,,,,r59,,,,,,r59,r59,r59,r59,r59,r59,r59,r59,r59,r59,r59,r59,r59,r59,r59,r59,,,,,,,,,,,,,,,,,,,,,,,,,,,,,,,,
200,,,,,,,,,,,,,,,r60,,,,,,r60,r60,r60,r60,r60,r60,r60,r60,r60,r60,r60,r60,r60,r60,r60,r60,,,,,,,,,,,,,,,,,,,,,,,,,,,,,,,,
201,,,,,s73,,s74,,,,,,,s75,,,,,,,,,,,,,,,,,,,,s71,,,s70,,,,,,,,,,,,,,,,,,,,275,60,61,62,63,64,65,66,67,68,69,72
202,,,,,,,,,,,,,,,s276,,,,,,,,,,,,,,,,,,,,,,,,,,,,,,,,,,,,,,,,,,,,,,,,,,,,,
203,,,,,s110,,s111,,,,,,,s112,,,,,,,,,,,,,,,,,,,,s108,,,s107,,,,,,,,,,,,,,,,,,,,277,97,98,99,100,101,102,103,104,105,106,109
204,,,,,,,,,,,,,,,,r10,,,,,,,,,,,,,,,,,,,,,,,,,,,,,,,,,,,,,,,,,,,,,,,,,,,,
205,,,r11,,r11,,,,,,r11,,r11,,,r11,r11,r11,r11,r11,,,,,,,,,,,,,,,,,,,,,,,,,,,,,,,,,,,,,,,,,,,,,,,,
206,,,r13,,r13,,,,,,r13,,r13,,,r13,r13,r13,r13,r13,,,,,,,,,,,,,,,,,,,,,,,,,,,,,,,,,,,,,,,,,,,,,,,,
207,,,r15,,r15,,,,,,r15,,r15,,,r15,r15,r15,r15,r15,,,,,,,,,,,,,,,,,,,,,,,,,,,,,,,,,,,,,,,,,,,,,,,,
208,,,r19,,r19,,,,,,r19,,r19,,,r19,r19,r19,r19,r19,,,,,,,,,,,,,,,,,,,,,,,,,,,,,,,,,,,,,,,,,,,,,,,,
209,,,r20,,r20,,,,,,r20,,r20,,,r20,r20,r20,r20,r20,,,,,,,,,,,,,,,,,,,,,,,,,,,,,,,,,,,,,,,,,,,,,,,,
210,,,s119,,s10,,,,,s280,,,s126,,,s125,s19,s20,s21,s22,,,,,,,,,,,,,,,,,,,,,,,,278,,279,117,118,116,120,124,121,122,123,15,16,,,,,,,,,,,,
211,,,,,s110,,s111,,,,,,,s112,,,,,,,,,,,,,,,,,,,,s108,,,s107,,,,,,,,,,,,,,,,,,,,281,97,98,99,100,101,102,103,104,105,106,109
212,,,,,s110,,s111,,,,,,,s112,,,,,,,,,,,,,,,,,,,,s108,,,s107,,,,,,,,,,,,,,,,,,,,282,97,98,99,100,101,102,103,104,105,106,109
213,,,,,,,,,,,,,,,,r26,,,,,,,,,,,,,,,,,,,,,,,,,,,,,,,,,,,,,,,,,,,,,,,,,,,,
214,,,,,,,,,,,,,,,s283,,,,,,,,,,,,,,,,,,,,,,,,,,,,,,,,,,,,,,,,,,,,,,,,,,,,,
215,,,,,,,,,,,,,,,s284,,,,,,,,,,,,,,,,,,,,,,,,,,,,,,,,,,,,,,,,,,,,,,,,,,,,,
216,,,r31,,,,,,,,,,,,,,,,,,,,,,,,,,,,,,,,,,,,,,,,,,,,,,,,,,,,,,,,,,,,,,,,,
217,,,r32,,,,,,,,,,,,,,,,,,,,,,,,,,,,,,,,,,,,,,,,,,,,,,,,,,,,,,,,,,,,,,,,,
218,,,s291,,s10,,,,,s287,,,s23,,,s297,s19,s20,s21,s22,,,,,,,,,,,,,,,,,,,,,,,,285,,286,289,290,288,292,296,293,294,295,15,16,,,,,,,,,,,,
219,,,r7,r7,,,,,,,,,,,,,,,,,,,,,,,,,,,,,,,,,,,,,,,,,,,,,,,,,,,,,,,,,,,,,,,,
220,,,,,s90,,s91,,,,,,,s92,,,,,,,,,,,,,,,,,,,,s88,,,s87,,,,,,,,,,,,,,,,,,,,298,77,78,79,80,81,82,83,84,85,86,89
221,,,,,,,,,r34,,,,,,,,,,,,r34,s142,,,,,,,,,,,,,,,,,,,,,,,,,,,,,,,,,,,,,,,,,,,,,,
222,,,,,,,,,r36,,,,,,,,,,,,r36,r36,s143,,,,,,,,,,,,,,,,,,,,,,,,,,,,,,,,,,,,,,,,,,,,,
223,,,,,,,,,r38,,,,,,,,,,,,r38,r38,r38,s144,,,,,,,,,,,,,,,,,,,,,,,,,,,,,,,,,,,,,,,,,,,,
224,,,,,,,,,r40,,,,,,,,,,,,r40,r40,r40,r40,s145,s146,,,,,,,,,,,,,,,,,,,,,,,,,,,,,,,,,,,,,,,,,,
225,,,,,,,,,r42,,,,,,,,,,,,r42,r42,r42,r42,r42,r42,s147,s148,s149,s150,,,,,,,,,,,,,,,,,,,,,,,,,,,,,,,,,,,,,,
226,,,,,,,,,r43,,,,,,,,,,,,r43,r43,r43,r43,r43,r43,s147,s148,s149,s150,,,,,,,,,,,,,,,,,,,,,,,,,,,,,,,,,,,,,,
227,,,,,,,,,r45,,,,,,,,,,,,r45,r45,r45,r45,r45,r45,r45,r45,r45,r45,s151,s152,,,,,,,,,,,,,,,,,,,,,,,,,,,,,,,,,,,,
228,,,,,,,,,r46,,,,,,,,,,,,r46,r46,r46,r46,r46,r46,r46,r46,r46,r46,s151,s152,,,,,,,,,,,,,,,,,,,,,,,,,,,,,,,,,,,,
229,,,,,,,,,r47,,,,,,,,,,,,r47,r47,r47,r47,r47,r47,r47,r47,r47,r47,s151,s152,,,,,,,,,,,,,,,,,,,,,,,,,,,,,,,,,,,,
230,,,,,,,,,r48,,,,,,,,,,,,r48,r48,r48,r48,r48,r48,r48,r48,r48,r48,s151,s152,,,,,,,,,,,,,,,,,,,,,,,,,,,,,,,,,,,,
231,,,,,,,,,r50,,,,,,,,,,,,r50,r50,r50,r50,r50,r50,r50,r50,r50,r50,r50,r50,s153,s154,,,,,,,,,,,,,,,,,,,,,,,,,,,,,,,,,,
232,,,,,,,,,r51,,,,,,,,,,,,r51,r51,r51,r51,r51,r51,r51,r51,r51,r51,r51,r51,s153,s154,,,,,,,,,,,,,,,,,,,,,,,,,,,,,,,,,,
233,,,,,,,,,r53,,,,,,,,,,,,r53,r53,r53,r53,r53,r53,r53,r53,r53,r53,r53,r53,r53,r53,s155,s156,,,,,,,,,,,,,,,,,,,,,,,,,,,,,,,,
234,,,,,,,,,r54,,,,,,,,,,,,r54,r54,r54,r54,r54,r54,r54,r54,r54,r54,r54,r54,r54,r54,s155,s156,,,,,,,,,,,,,,,,,,,,,,,,,,,,,,,,
235,,,,,,,,,r56,,,,,,,,,,,,r56,r56,r56,r56,r56,r56,r56,r56,r56,r56,r56,r56,r56,r56,r56,r56,,,,,,,,,,,,,,,,,,,,,,,,,,,,,,,,
236,,,,,,,,,r57,,,,,,,,,,,,r57,r57,r57,r57,r57,r57,r57,r57,r57,r57,r57,r57,r57,r57,r57,r57,,,,,,,,,,,,,,,,,,,,,,,,,,,,,,,,
237,,,,,,,,,s299,,,,,,,,,,,,,,,,,,,,,,,,,,,,,,,,,,,,,,,,,,,,,,,,,,,,,,,,,,,
238,,,,,,,,,r65,,,,,,,,,,,,r65,r65,r65,r65,r65,r65,r65,r65,r65,r65,r65,r65,r65,r65,r65,r65,,,,,,,,,,,,,,,,,,,,,,,,,,,,,,,,
239,,,r34,,,,,,,,,,,,,,,,,,r34,s162,,,,,,,,,,,,,,,,,,,,,,,,,,,,,,,,,,,,,,,,,,,,,,
240,,,r36,,,,,,,,,,,,,,,,,,r36,r36,s163,,,,,,,,,,,,,,,,,,,,,,,,,,,,,,,,,,,,,,,,,,,,,
241,,,r38,,,,,,,,,,,,,,,,,,r38,r38,r38,s164,,,,,,,,,,,,,,,,,,,,,,,,,,,,,,,,,,,,,,,,,,,,
242,,,r40,,,,,,,,,,,,,,,,,,r40,r40,r40,r40,s165,s166,,,,,,,,,,,,,,,,,,,,,,,,,,,,,,,,,,,,,,,,,,
243,,,r42,,,,,,,,,,,,,,,,,,r42,r42,r42,r42,r42,r42,s167,s168,s169,s170,,,,,,,,,,,,,,,,,,,,,,,,,,,,,,,,,,,,,,
244,,,r43,,,,,,,,,,,,,,,,,,r43,r43,r43,r43,r43,r43,s167,s168,s169,s170,,,,,,,,,,,,,,,,,,,,,,,,,,,,,,,,,,,,,,
245,,,r45,,,,,,,,,,,,,,,,,,r45,r45,r45,r45,r45,r45,r45,r45,r45,r45,s171,s172,,,,,,,,,,,,,,,,,,,,,,,,,,,,,,,,,,,,
246,,,r46,,,,,,,,,,,,,,,,,,r46,r46,r46,r46,r46,r46,r46,r46,r46,r46,s171,s172,,,,,,,,,,,,,,,,,,,,,,,,,,,,,,,,,,,,
247,,,r47,,,,,,,,,,,,,,,,,,r47,r47,r47,r47,r47,r47,r47,r47,r47,r47,s171,s172,,,,,,,,,,,,,,,,,,,,,,,,,,,,,,,,,,,,
248,,,r48,,,,,,,,,,,,,,,,,,r48,r48,r48,r48,r48,r48,r48,r48,r48,r48,s171,s172,,,,,,,,,,,,,,,,,,,,,,,,,,,,,,,,,,,,
249,,,r50,,,,,,,,,,,,,,,,,,r50,r50,r50,r50,r50,r50,r50,r50,r50,r50,r50,r50,s173,s174,,,,,,,,,,,,,,,,,,,,,,,,,,,,,,,,,,
250,,,r51,,,,,,,,,,,,,,,,,,r51,r51,r51,r51,r51,r51,r51,r51,r51,r51,r51,r51,s173,s174,,,,,,,,,,,,,,,,,,,,,,,,,,,,,,,,,,
251,,,r53,,,,,,,,,,,,,,,,,,r53,r53,r53,r53,r53,r53,r53,r53,r53,r53,r53,r53,r53,r53,s175,s176,,,,,,,,,,,,,,,,,,,,,,,,,,,,,,,,
252,,,r54,,,,,,,,,,,,,,,,,,r54,r54,r54,r54,r54,r54,r54,r54,r54,r54,r54,r54,r54,r54,s175,s176,,,,,,,,,,,,,,,,,,,,,,,,,,,,,,,,
253,,,r56,,,,,,,,,,,,,,,,,,r56,r56,r56,r56,r56,r56,r56,r56,r56,r56,r56,r56,r56,r56,r56,r56,,,,,,,,,,,,,,,,,,,,,,,,,,,,,,,,
254,,,r57,,,,,,,,,,,,,,,,,,r57,r57,r57,r57,r57,r57,r57,r57,r57,r57,r57,r57,r57,r57,r57,r57,,,,,,,,,,,,,,,,,,,,,,,,,,,,,,,,
255,,,,,,,,,s300,,,,,,,,,,,,,,,,,,,,,,,,,,,,,,,,,,,,,,,,,,,,,,,,,,,,,,,,,,,
256,,,r65,,,,,,,,,,,,,,,,,,r65,r65,r65,r65,r65,r65,r65,r65,r65,r65,r65,r65,r65,r65,r65,r65,,,,,,,,,,,,,,,,,,,,,,,,,,,,,,,,
257,r10,,r10,,r10,,,,,,,,r10,,,r10,r10,r10,r10,r10,,,,,,,,,,,,,,,,,,,,,,,,,,,,,,,,,,,,,,,,,,,,,,,,
258,r28,,r28,,r28,,,,,,,,r28,,,r28,r28,r28,r28,r28,,,,,,,,,,,,,,,,,,,,,,,,,,,,,,,,,,,,,,,,,,,,,,,,
259,,,,,,,,,,,,,,,r34,,,,,,r34,s184,,,,,,,,,,,,,,,,,,,,,,,,,,,,,,,,,,,,,,,,,,,,,,
260,,,,,,,,,,,,,,,r36,,,,,,r36,r36,s185,,,,,,,,,,,,,,,,,,,,,,,,,,,,,,,,,,,,,,,,,,,,,
261,,,,,,,,,,,,,,,r38,,,,,,r38,r38,r38,s186,,,,,,,,,,,,,,,,,,,,,,,,,,,,,,,,,,,,,,,,,,,,
262,,,,,,,,,,,,,,,r40,,,,,,r40,r40,r40,r40,s187,s188,,,,,,,,,,,,,,,,,,,,,,,,,,,,,,,,,,,,,,,,,,
263,,,,,,,,,,,,,,,r42,,,,,,r42,r42,r42,r42,r42,r42,s189,s190,s191,s192,,,,,,,,,,,,,,,,,,,,,,,,,,,,,,,,,,,,,,
264,,,,,,,,,,,,,,,r43,,,,,,r43,r43,r43,r43,r43,r43,s189,s190,s191,s192,,,,,,,,,,,,,,,,,,,,,,,,,,,,,,,,,,,,,,
265,,,,,,,,,,,,,,,r45,,,,,,r45,r45,r45,r45,r45,r45,r45,r45,r45,r45,s193,s194,,,,,,,,,,,,,,,,,,,,,,,,,,,,,,,,,,,,
266,,,,,,,,,,,,,,,r46,,,,,,r46,r46,r46,r46,r46,r46,r46,r46,r46,r46,s193,s194,,,,,,,,,,,,,,,,,,,,,,,,,,,,,,,,,,,,
267,,,,,,,,,,,,,,,r47,,,,,,r47,r47,r47,r47,r47,r47,r47,r47,r47,r47,s193,s194,,,,,,,,,,,,,,,,,,,,,,,,,,,,,,,,,,,,
268,,,,,,,,,,,,,,,r48,,,,,,r48,r48,r48,r48,r48,r48,r48,r48,r48,r48,s193,s194,,,,,,,,,,,,,,,,,,,,,,,,,,,,,,,,,,,,
269,,,,,,,,,,,,,,,r50,,,,,,r50,r50,r50,r50,r50,r50,r50,r50,r50,r50,r50,r50,s195,s196,,,,,,,,,,,,,,,,,,,,,,,,,,,,,,,,,,
270,,,,,,,,,,,,,,,r51,,,,,,r51,r51,r51,r51,r51,r51,r51,r51,r51,r51,r51,r51,s195,s196,,,,,,,,,,,,,,,,,,,,,,,,,,,,,,,,,,
271,,,,,,,,,,,,,,,r53,,,,,,r53,r53,r53,r53,r53,r53,r53,r53,r53,r53,r53,r53,r53,r53,s197,s198,,,,,,,,,,,,,,,,,,,,,,,,,,,,,,,,
272,,,,,,,,,,,,,,,r54,,,,,,r54,r54,r54,r54,r54,r54,r54,r54,r54,r54,r54,r54,r54,r54,s197,s198,,,,,,,,,,,,,,,,,,,,,,,,,,,,,,,,
273,,,,,,,,,,,,,,,r56,,,,,,r56,r56,r56,r56,r56,r56,r56,r56,r56,r56,r56,r56,r56,r56,r56,r56,,,,,,,,,,,,,,,,,,,,,,,,,,,,,,,,
274,,,,,,,,,,,,,,,r57,,,,,,r57,r57,r57,r57,r57,r57,r57,r57,r57,r57,r57,r57,r57,r57,r57,r57,,,,,,,,,,,,,,,,,,,,,,,,,,,,,,,,
275,,,,,,,,,s301,,,,,,,,,,,,,,,,,,,,,,,,,,,,,,,,,,,,,,,,,,,,,,,,,,,,,,,,,,,
276,,,,,,,,,,,,,,,r65,,,,,,r65,r65,r65,r65,r65,r65,r65,r65,r65,r65,r65,r65,r65,r65,r65,r65,,,,,,,,,,,,,,,,,,,,,,,,,,,,,,,,
277,,,,,,,,,,,,,,,s302,,,,,,,,,,,,,,,,,,,,,,,,,,,,,,,,,,,,,,,,,,,,,,,,,,,,,
278,,,r26,,r26,,,,,,r26,,r26,,,r26,r26,r26,r26,r26,,,,,,,,,,,,,,,,,,,,,,,,,,,,,,,,,,,,,,,,,,,,,,,,
279,,,r9,,r9,,,,,,r9,,r9,,,r9,r9,r9,r9,r9,,,,,,,,,,,,,,,,,,,,,,,,,,,,,,,,,,,,,,,,,,,,,,,,
280,,,s119,,s10,,,,,,,,s126,,,s125,s19,s20,s21,s22,,,,,,,,,,,,,,,,,,,,,,,,,303,115,117,118,116,120,124,121,122,123,15,16,,,,,,,,,,,,
281,,,,,,,,,,,,,,,s304,,,,,,,,,,,,,,,,,,,,,,,,,,,,,,,,,,,,,,,,,,,,,,,,,,,,,
282,,,,,,,,,,,,,,,s305,,,,,,,,,,,,,,,,,,,,,,,,,,,,,,,,,,,,,,,,,,,,,,,,,,,,,
283,,,s44,,s10,,,,,s40,,,s51,,,s50,s19,s20,s21,s22,,,,,,,,,,,,,,,,,,,,,,,,306,,39,42,43,41,45,49,46,47,48,15,16,,,,,,,,,,,,
284,,,s313,,s10,,,,,s309,,,s51,,,s319,s19,s20,s21,s22,,,,,,,,,,,,,,,,,,,,,,,,307,,308,311,312,310,314,318,315,316,317,15,16,,,,,,,,,,,,
285,r27,,r27,,r27,,,,,,,r27,r27,,,r27,r27,r27,r27,r27,,,,,,,,,,,,,,,,,,,,,,,,,,,,,,,,,,,,,,,,,,,,,,,,
286,r9,,r9,,r9,,,,,,,r9,r9,,,r9,r9,r9,r9,r9,,,,,,,,,,,,,,,,,,,,,,,,,,,,,,,,,,,,,,,,,,,,,,,,
287,,,s119,,s10,,,,,,,,s126,,,s125,s19,s20,s21,s22,,,,,,,,,,,,,,,,,,,,,,,,,320,115,117,118,116,120,124,121,122,123,15,16,,,,,,,,,,,,
288,,,s321,,,,,,,,,,,,,,,,,,,,,,,,,,,,,,,,,,,,,,,,,,,,,,,,,,,,,,,,,,,,,,,,,
289,r14,,r14,,r14,,,,,,,r14,r14,,,r14,r14,r14,r14,r14,,,,,,,,,,,,,,,,,,,,,,,,,,,,,,,,,,,,,,,,,,,,,,,,
290,,,s322,,,,,,,,,,,,,,,,,,,,,,,,,,,,,,,,,,,,,,,,,,,,,,,,,,,,,,,,,,,,,,,,,
291,r16,,r16,,r16,,,,,,,r16,r16,,,r16,r16,r16,r16,r16,,,,,,,,,,,,,,,,,,,,,,,,,,,,,,,,,,,,,,,,,,,,,,,,
292,r17,,r17,,r17,,,,,,,r17,r17,,,r17,r17,r17,r17,r17,,,,,,,,,,,,,,,,,,,,,,,,,,,,,,,,,,,,,,,,,,,,,,,,
293,r18,,r18,,r18,,,,,,,r18,r18,,,r18,r18,r18,r18,r18,,,,,,,,,,,,,,,,,,,,,,,,,,,,,,,,,,,,,,,,,,,,,,,,
294,,,s323,,,,,,,,,,,,,,,,,,,,,,,,,,,,,,,,,,,,,,,,,,,,,,,,,,,,,,,,,,,,,,,,,
295,,,s324,,,,,,,,,,,,,,,,,,,,,,,,,,,,,,,,,,,,,,,,,,,,,,,,,,,,,,,,,,,,,,,,,
296,r25,,r25,,r25,,,,,,,s325 / r25,r25,,,r25,r25,r25,r25,r25,,,,,,,,,,,,,,,,,,,,,,,,,,,,,,,,,,,,,,,,,,,,,,,,
297,,,,,,,,,,,,,,s326,,,,,,,,,,,,,,,,,,,,,,,,,,,,,,,,,,,,,,,,,,,,,,,,,,,,,,
298,,,r23,,,,,,,,,,,,,,,,,,,,,,,,,,,,,,,,,,,,,,,,,,,,,,,,,,,,,,,,,,,,,,,,,
299,,,,,,,,,r62,,,,,,,,,,,,r62,r62,r62,r62,r62,r62,r62,r62,r62,r62,r62,r62,r62,r62,r62,r62,,,,,,,,,,,,,,,,,,,,,,,,,,,,,,,,
300,,,r62,,,,,,,,,,,,,,,,,,r62,r62,r62,r62,r62,r62,r62,r62,r62,r62,r62,r62,r62,r62,r62,r62,,,,,,,,,,,,,,,,,,,,,,,,,,,,,,,,
301,,,,,,,,,,,,,,,r62,,,,,,r62,r62,r62,r62,r62,r62,r62,r62,r62,r62,r62,r62,r62,r62,r62,r62,,,,,,,,,,,,,,,,,,,,,,,,,,,,,,,,
302,,,r29,,,,,,,,,,,,,,,,,,,,,,,,,,,,,,,,,,,,,,,,,,,,,,,,,,,,,,,,,,,,,,,,,
303,,,s119,,s10,,,,,,s327,,s126,,,s125,s19,s20,s21,s22,,,,,,,,,,,,,,,,,,,,,,,,,,205,117,118,116,120,124,121,122,123,15,16,,,,,,,,,,,,
304,,,s119,,s10,,,,,s280,,,s126,,,s125,s19,s20,s21,s22,,,,,,,,,,,,,,,,,,,,,,,,328,,279,117,118,116,120,124,121,122,123,15,16,,,,,,,,,,,,
305,,,s335,,s10,,,,,s331,,,s126,,,s341,s19,s20,s21,s22,,,,,,,,,,,,,,,,,,,,,,,,329,,330,333,334,332,336,340,337,338,339,15,16,,,,,,,,,,,,
306,,,,,,,,,,,,,,,,r28,,,,,,,,,,,,,,,,,,,,,,,,,,,,,,,,,,,,,,,,,,,,,,,,,,,,
307,,,,,,,,,,,,r27,,,,r27,,,,,,,,,,,,,,,,,,,,,,,,,,,,,,,,,,,,,,,,,,,,,,,,,,,,
308,,,,,,,,,,,,r9,,,,r9,,,,,,,,,,,,,,,,,,,,,,,,,,,,,,,,,,,,,,,,,,,,,,,,,,,,
309,,,s119,,s10,,,,,,,,s126,,,s125,s19,s20,s21,s22,,,,,,,,,,,,,,,,,,,,,,,,,342,115,117,118,116,120,124,121,122,123,15,16,,,,,,,,,,,,
310,,,s343,,,,,,,,,,,,,,,,,,,,,,,,,,,,,,,,,,,,,,,,,,,,,,,,,,,,,,,,,,,,,,,,,
311,,,,,,,,,,,,r14,,,,r14,,,,,,,,,,,,,,,,,,,,,,,,,,,,,,,,,,,,,,,,,,,,,,,,,,,,
312,,,s344,,,,,,,,,,,,,,,,,,,,,,,,,,,,,,,,,,,,,,,,,,,,,,,,,,,,,,,,,,,,,,,,,
313,,,,,,,,,,,,r16,,,,r16,,,,,,,,,,,,,,,,,,,,,,,,,,,,,,,,,,,,,,,,,,,,,,,,,,,,
314,,,,,,,,,,,,r17,,,,r17,,,,,,,,,,,,,,,,,,,,,,,,,,,,,,,,,,,,,,,,,,,,,,,,,,,,
315,,,,,,,,,,,,r18,,,,r18,,,,,,,,,,,,,,,,,,,,,,,,,,,,,,,,,,,,,,,,,,,,,,,,,,,,
316,,,s345,,,,,,,,,,,,,,,,,,,,,,,,,,,,,,,,,,,,,,,,,,,,,,,,,,,,,,,,,,,,,,,,,
317,,,s346,,,,,,,,,,,,,,,,,,,,,,,,,,,,,,,,,,,,,,,,,,,,,,,,,,,,,,,,,,,,,,,,,
318,,,,,,,,,,,,s347 / r25,,,,r25,,,,,,,,,,,,,,,,,,,,,,,,,,,,,,,,,,,,,,,,,,,,,,,,,,,,
319,,,,,,,,,,,,,,s348,,,,,,,,,,,,,,,,,,,,,,,,,,,,,,,,,,,,,,,,,,,,,,,,,,,,,,
320,,,s119,,s10,,,,,,s349,,s126,,,s125,s19,s20,s21,s22,,,,,,,,,,,,,,,,,,,,,,,,,,205,117,118,116,120,124,121,122,123,15,16,,,,,,,,,,,,
321,r13,,r13,,r13,,,,,,,r13,r13,,,r13,r13,r13,r13,r13,,,,,,,,,,,,,,,,,,,,,,,,,,,,,,,,,,,,,,,,,,,,,,,,
322,r15,,r15,,r15,,,,,,,r15,r15,,,r15,r15,r15,r15,r15,,,,,,,,,,,,,,,,,,,,,,,,,,,,,,,,,,,,,,,,,,,,,,,,
323,r19,,r19,,r19,,,,,,,r19,r19,,,r19,r19,r19,r19,r19,,,,,,,,,,,,,,,,,,,,,,,,,,,,,,,,,,,,,,,,,,,,,,,,
324,r20,,r20,,r20,,,,,,,r20,r20,,,r20,r20,r20,r20,r20,,,,,,,,,,,,,,,,,,,,,,,,,,,,,,,,,,,,,,,,,,,,,,,,
325,,,s291,,s10,,,,,s287,,,s23,,,s297,s19,s20,s21,s22,,,,,,,,,,,,,,,,,,,,,,,,350,,286,289,290,288,292,296,293,294,295,15,16,,,,,,,,,,,,
326,,,,,s110,,s111,,,,,,,s112,,,,,,,,,,,,,,,,,,,,s108,,,s107,,,,,,,,,,,,,,,,,,,,351,97,98,99,100,101,102,103,104,105,106,109
327,,,r10,,r10,,,,,,r10,,r10,,,r10,r10,r10,r10,r10,,,,,,,,,,,,,,,,,,,,,,,,,,,,,,,,,,,,,,,,,,,,,,,,
328,,,r28,,r28,,,,,,r28,,r28,,,r28,r28,r28,r28,r28,,,,,,,,,,,,,,,,,,,,,,,,,,,,,,,,,,,,,,,,,,,,,,,,
329,,,r27,,r27,,,,,,r27,r27,r27,,,r27,r27,r27,r27,r27,,,,,,,,,,,,,,,,,,,,,,,,,,,,,,,,,,,,,,,,,,,,,,,,
330,,,r9,,r9,,,,,,r9,r9,r9,,,r9,r9,r9,r9,r9,,,,,,,,,,,,,,,,,,,,,,,,,,,,,,,,,,,,,,,,,,,,,,,,
331,,,s119,,s10,,,,,,,,s126,,,s125,s19,s20,s21,s22,,,,,,,,,,,,,,,,,,,,,,,,,352,115,117,118,116,120,124,121,122,123,15,16,,,,,,,,,,,,
332,,,s353,,,,,,,,,,,,,,,,,,,,,,,,,,,,,,,,,,,,,,,,,,,,,,,,,,,,,,,,,,,,,,,,,
333,,,r14,,r14,,,,,,r14,r14,r14,,,r14,r14,r14,r14,r14,,,,,,,,,,,,,,,,,,,,,,,,,,,,,,,,,,,,,,,,,,,,,,,,
334,,,s354,,,,,,,,,,,,,,,,,,,,,,,,,,,,,,,,,,,,,,,,,,,,,,,,,,,,,,,,,,,,,,,,,
335,,,r16,,r16,,,,,,r16,r16,r16,,,r16,r16,r16,r16,r16,,,,,,,,,,,,,,,,,,,,,,,,,,,,,,,,,,,,,,,,,,,,,,,,
336,,,r17,,r17,,,,,,r17,r17,r17,,,r17,r17,r17,r17,r17,,,,,,,,,,,,,,,,,,,,,,,,,,,,,,,,,,,,,,,,,,,,,,,,
337,,,r18,,r18,,,,,,r18,r18,r18,,,r18,r18,r18,r18,r18,,,,,,,,,,,,,,,,,,,,,,,,,,,,,,,,,,,,,,,,,,,,,,,,
338,,,s355,,,,,,,,,,,,,,,,,,,,,,,,,,,,,,,,,,,,,,,,,,,,,,,,,,,,,,,,,,,,,,,,,
339,,,s356,,,,,,,,,,,,,,,,,,,,,,,,,,,,,,,,,,,,,,,,,,,,,,,,,,,,,,,,,,,,,,,,,
340,,,r25,,r25,,,,,,r25,s357 / r25,r25,,,r25,r25,r25,r25,r25,,,,,,,,,,,,,,,,,,,,,,,,,,,,,,,,,,,,,,,,,,,,,,,,
341,,,,,,,,,,,,,,s358,,,,,,,,,,,,,,,,,,,,,,,,,,,,,,,,,,,,,,,,,,,,,,,,,,,,,,
342,,,s119,,s10,,,,,,s359,,s126,,,s125,s19,s20,s21,s22,,,,,,,,,,,,,,,,,,,,,,,,,,205,117,118,116,120,124,121,122,123,15,16,,,,,,,,,,,,
343,,,,,,,,,,,,r13,,,,r13,,,,,,,,,,,,,,,,,,,,,,,,,,,,,,,,,,,,,,,,,,,,,,,,,,,,
344,,,,,,,,,,,,r15,,,,r15,,,,,,,,,,,,,,,,,,,,,,,,,,,,,,,,,,,,,,,,,,,,,,,,,,,,
345,,,,,,,,,,,,r19,,,,r19,,,,,,,,,,,,,,,,,,,,,,,,,,,,,,,,,,,,,,,,,,,,,,,,,,,,
346,,,,,,,,,,,,r20,,,,r20,,,,,,,,,,,,,,,,,,,,,,,,,,,,,,,,,,,,,,,,,,,,,,,,,,,,
347,,,s313,,s10,,,,,s309,,,s51,,,s319,s19,s20,s21,s22,,,,,,,,,,,,,,,,,,,,,,,,360,,308,311,312,310,314,318,315,316,317,15,16,,,,,,,,,,,,
348,,,,,s110,,s111,,,,,,,s112,,,,,,,,,,,,,,,,,,,,s108,,,s107,,,,,,,,,,,,,,,,,,,,361,97,98,99,100,101,102,103,104,105,106,109
349,r10,,r10,,r10,,,,,,,r10,r10,,,r10,r10,r10,r10,r10,,,,,,,,,,,,,,,,,,,,,,,,,,,,,,,,,,,,,,,,,,,,,,,,
350,r26,,r26,,r26,,,,,,,r26,r26,,,r26,r26,r26,r26,r26,,,,,,,,,,,,,,,,,,,,,,,,,,,,,,,,,,,,,,,,,,,,,,,,
351,,,,,,,,,,,,,,,s362,,,,,,,,,,,,,,,,,,,,,,,,,,,,,,,,,,,,,,,,,,,,,,,,,,,,,
352,,,s119,,s10,,,,,,s363,,s126,,,s125,s19,s20,s21,s22,,,,,,,,,,,,,,,,,,,,,,,,,,205,117,118,116,120,124,121,122,123,15,16,,,,,,,,,,,,
353,,,r13,,r13,,,,,,r13,r13,r13,,,r13,r13,r13,r13,r13,,,,,,,,,,,,,,,,,,,,,,,,,,,,,,,,,,,,,,,,,,,,,,,,
354,,,r15,,r15,,,,,,r15,r15,r15,,,r15,r15,r15,r15,r15,,,,,,,,,,,,,,,,,,,,,,,,,,,,,,,,,,,,,,,,,,,,,,,,
355,,,r19,,r19,,,,,,r19,r19,r19,,,r19,r19,r19,r19,r19,,,,,,,,,,,,,,,,,,,,,,,,,,,,,,,,,,,,,,,,,,,,,,,,
356,,,r20,,r20,,,,,,r20,r20,r20,,,r20,r20,r20,r20,r20,,,,,,,,,,,,,,,,,,,,,,,,,,,,,,,,,,,,,,,,,,,,,,,,
357,,,s335,,s10,,,,,s331,,,s126,,,s341,s19,s20,s21,s22,,,,,,,,,,,,,,,,,,,,,,,,364,,330,333,334,332,336,340,337,338,339,15,16,,,,,,,,,,,,
358,,,,,s110,,s111,,,,,,,s112,,,,,,,,,,,,,,,,,,,,s108,,,s107,,,,,,,,,,,,,,,,,,,,365,97,98,99,100,101,102,103,104,105,106,109
359,,,,,,,,,,,,r10,,,,r10,,,,,,,,,,,,,,,,,,,,,,,,,,,,,,,,,,,,,,,,,,,,,,,,,,,,
360,,,,,,,,,,,,r26,,,,r26,,,,,,,,,,,,,,,,,,,,,,,,,,,,,,,,,,,,,,,,,,,,,,,,,,,,
361,,,,,,,,,,,,,,,s366,,,,,,,,,,,,,,,,,,,,,,,,,,,,,,,,,,,,,,,,,,,,,,,,,,,,,
362,,,s291,,s10,,,,,s287,,,s23,,,s297,s19,s20,s21,s22,,,,,,,,,,,,,,,,,,,,,,,,367,,286,289,290,288,292,296,293,294,295,15,16,,,,,,,,,,,,
363,,,r10,,r10,,,,,,r10,r10,r10,,,r10,r10,r10,r10,r10,,,,,,,,,,,,,,,,,,,,,,,,,,,,,,,,,,,,,,,,,,,,,,,,
364,,,r26,,r26,,,,,,r26,r26,r26,,,r26,r26,r26,r26,r26,,,,,,,,,,,,,,,,,,,,,,,,,,,,,,,,,,,,,,,,,,,,,,,,
365,,,,,,,,,,,,,,,s368,,,,,,,,,,,,,,,,,,,,,,,,,,,,,,,,,,,,,,,,,,,,,,,,,,,,,
366,,,s313,,s10,,,,,s309,,,s51,,,s319,s19,s20,s21,s22,,,,,,,,,,,,,,,,,,,,,,,,369,,308,311,312,310,314,318,315,316,317,15,16,,,,,,,,,,,,
367,r28,,r28,,r28,,,,,,,r28,r28,,,r28,r28,r28,r28,r28,,,,,,,,,,,,,,,,,,,,,,,,,,,,,,,,,,,,,,,,,,,,,,,,
368,,,s335,,s10,,,,,s331,,,s126,,,s341,s19,s20,s21,s22,,,,,,,,,,,,,,,,,,,,,,,,370,,330,333,334,332,336,340,337,338,339,15,16,,,,,,,,,,,,
369,,,,,,,,,,,,r28,,,,r28,,,,,,,,,,,,,,,,,,,,,,,,,,,,,,,,,,,,,,,,,,,,,,,,,,,,
370,,,r28,,r28,,,,,,r28,r28,r28,,,r28,r28,r28,r28,r28,,,,,,,,,,,,,,,,,,,,,,,,,,,,,,,,,,,,,,,,,,,,,,,,
,,,,,,,,,,,,,,,,,,,,,,,,,,,,,,,,,,,,,,,,,,,,,,,,,,,,,,,,,,,,,,,,,,,,
,,,,,,,,,,,,,,,,,,,,,,,,,,,,,,,,,,,,,,,,,,,,,,,,,,,,,,,,,,,,,,,,,,,,
,,,,,,,,,,,,,,,,,,,,,,,,,,,,,,,,,,,,,,,,,,,,,,,,,,,,,,,,,,,,,,,,,,,,
,,,,,,,,,,,,,,,,,,,,,,,,,,,,,,,,,,,,,,,,,,,,,,,,,,,,,,,,,,,,,,,,,,,,
,,,,,,,,,,,,,,,,,,,,,,,,,,,,,,,,,,,,,,,,,,,,,,,,,,,,,,,,,,,,,,,,,,,,
,,,,,,,,,,,,,,,,,,,,,,,,,,,,,,,,,,,,,,,,,,,,,,,,,,,,,,,,,,,,,,,,,,,,
,,,,,,,,,,,,,,,,,,,,,,,,,,,,,,,,,,,,,,,,,,,,,,,,,,,,,,,,,,,,,,,,,,,,
,,,,,,,,,,,,,,,,,,,,,,,,,,,,,,,,,,,,,,,,,,,,,,,,,,,,,,,,,,,,,,,,,,,,
,,,,,,,,,,,,,,,,,,,,,,,,,,,,,,,,,,,,,,,,,,,,,,,,,,,,,,,,,,,,,,,,,,,,
,,,,,,,,,,,,,,,,,,,,,,,,,,,,,,,,,,,,,,,,,,,,,,,,,,,,,,,,,,,,,,,,,,,,
,,,,,,,,,,,,,,,,,,,,,,,,,,,,,,,,,,,,,,,,,,,,,,,,,,,,,,,,,,,,,,,,,,,,
,,,,,,,,,,,,,,,,,,,,,,,,,,,,,,,,,,,,,,,,,,,,,,,,,,,,,,,,,,,,,,,,,,,,
,,,,,,,,,,,,,,,,,,,,,,,,,,,,,,,,,,,,,,,,,,,,,,,,,,,,,,,,,,,,,,,,,,,,
,,,,,,,,,,,,,,,,,,,,,,,,,,,,,,,,,,,,,,,,,,,,,,,,,,,,,,,,,,,,,,,,,,,,