State,EOF,INT,SEMI,COMMA,ID,ASSIGN,INT_NUM,LSQUARE,RSQUARE,LBRACE,RBRACE,IF,LPAR,RPAR,ELSE,WHILE,DO,RETURN,READ,WRITE,OROR,ANDAND,OR_OP,AND_OP,EQ,NOTEQ,LT,GT,LTEQ,GTEQ,SHL_OP,SHR_OP,PLUS,MINUS,MUL_OP,DIV_OP,NOT_OP,$,program,var_declarations,var_declaration,declaration_list,declaration,code_block,statements,statement,control_statement,read_write_statement,assign_statement,if_statement,if_stmt,while_statement,do_while_statement,return_statement,read_statement,write_statement,exp,exp1,exp2,exp3,exp4,exp5,exp6,exp7,exp8,exp9,exp10,exp11,
0,,s3,r2,,r2,,,,,,,r2,,,,r2,r2,r2,r2,r2,,,,,,,,,,,,,,,,,,,,1,2,,,,,,,,,,,,,,,,,,,,,,,,,,,,
1,,,s9,,s10,,,,,,,s23,,,,s18,s19,s20,s21,s22,,,,,,,,,,,,,,,,,,,,,,,,,4,5,7,8,6,11,17,12,13,14,15,16,,,,,,,,,,,,,
2,,s3,r2,,r2,,,,,,,r2,,,,r2,r2,r2,r2,r2,,,,,,,,,,,,,,,,,,,,24,2,,,,,,,,,,,,,,,,,,,,,,,,,,,,
3,,,,,s27,,,,,,,,,,,,,,,,,,,,,,,,,,,,,,,,,,,,,25,26,,,,,,,,,,,,,,,,,,,,,,,,,,
4,s28,,s9,,s10,,,,,,,s23,,,,s18,s19,s20,s21,s22,,,,,,,,,,,,,,,,,,,,,,,,,,29,7,8,6,11,17,12,13,14,15,16,,,,,,,,,,,,,
5,r12,,r12,,r12,,,,,,,r12,,,,r12,r12,r12,r12,r12,,,,,,,,,,,,,,,,,,,,,,,,,,,,,,,,,,,,,,,,,,,,,,,,,
6,,,s30,,,,,,,,,,,,,,,,,,,,,,,,,,,,,,,,,,,,,,,,,,,,,,,,,,,,,,,,,,,,,,,,,,
7,r14,,r14,,r14,,,,,,,r14,,,,r14,r14,r14,r14,r14,,,,,,,,,,,,,,,,,,,,,,,,,,,,,,,,,,,,,,,,,,,,,,,,,
8,,,s31,,,,,,,,,,,,,,,,,,,,,,,,,,,,,,,,,,,,,,,,,,,,,,,,,,,,,,,,,,,,,,,,,,
9,r16,,r16,,r16,,,,,,,r16,,,,r16,r16,r16,r16,r16,,,,,,,,,,,,,,,,,,,,,,,,,,,,,,,,,,,,,,,,,,,,,,,,,
10,,,,,,s33,,s32,,,,,,,,,,,,,,,,,,,,,,,,,,,,,,,,,,,,,,,,,,,,,,,,,,,,,,,,,,,,,
11,r17,,r17,,r17,,,,,,,r17,,,,r17,r17,r17,r17,r17,,,,,,,,,,,,,,,,,,,,,,,,,,,,,,,,,,,,,,,,,,,,,,,,,
12,r18,,r18,,r18,,,,,,,r18,,,,r18,r18,r18,r18,r18,,,,,,,,,,,,,,,,,,,,,,,,,,,,,,,,,,,,,,,,,,,,,,,,,
13,,,s34,,,,,,,,,,,,,,,,,,,,,,,,,,,,,,,,,,,,,,,,,,,,,,,,,,,,,,,,,,,,,,,,,,
14,,,s35,,,,,,,,,,,,,,,,,,,,,,,,,,,,,,,,,,,,,,,,,,,,,,,,,,,,,,,,,,,,,,,,,,
15,,,r21,,,,,,,,,,,,,,,,,,,,,,,,,,,,,,,,,,,,,,,,,,,,,,,,,,,,,,,,,,,,,,,,,,
16,,,r22,,,,,,,,,,,,,,,,,,,,,,,,,,,,,,,,,,,,,,,,,,,,,,,,,,,,,,,,,,,,,,,,,,
17,r25,,r25,,r25,,,,,,,r25,,,,r25,r25,r25,r25,r25,,,,,,,,,,,,,,,,,,,,,,,,,,,,,,,,,,,,,,,,,,,,,,,,,
18,,,,,,,,,,,,,s36,,,,,,,,,,,,,,,,,,,,,,,,,,,,,,,,,,,,,,,,,,,,,,,,,,,,,,,,
19,,,s43,,s10,,,,,s39,,s50,,,,s49,s19,s20,s21,s22,,,,,,,,,,,,,,,,,,,,,,,,37,,38,41,42,40,44,48,45,46,47,15,16,,,,,,,,,,,,,
20,,,r30,,,,,,,,,,,,,,,,,,,,,,,,,,,,,,,,,,,,,,,,,,,,,,,,,,,,,,,,,,,,,,,,,,
21,,,,,,,,,,,,,s51,,,,,,,,,,,,,,,,,,,,,,,,,,,,,,,,,,,,,,,,,,,,,,,,,,,,,,,,
22,,,,,,,,,,,,,s52,,,,,,,,,,,,,,,,,,,,,,,,,,,,,,,,,,,,,,,,,,,,,,,,,,,,,,,,
23,,,,,,,,,,,,,s53,,,,,,,,,,,,,,,,,,,,,,,,,,,,,,,,,,,,,,,,,,,,,,,,,,,,,,,,
24,,,r1,,r1,,,,,,,r1,,,,r1,r1,r1,r1,r1,,,,,,,,,,,,,,,,,,,,,,,,,,,,,,,,,,,,,,,,,,,,,,,,,
25,,,s54,s55,,,,,,,,,,,,,,,,,,,,,,,,,,,,,,,,,,,,,,,,,,,,,,,,,,,,,,,,,,,,,,,,,
26,,,r5,r5,,,,,,,,,,,,,,,,,,,,,,,,,,,,,,,,,,,,,,,,,,,,,,,,,,,,,,,,,,,,,,,,,
27,,,r8,r8,,s56,,s57,,,,,,,,,,,,,,,,,,,,,,,,,,,,,,,,,,,,,,,,,,,,,,,,,,,,,,,,,,,,,
28,,,,,,,,,,,,,,,,,,,,,,,,,,,,,,,,,,,,,,acc,,,,,,,,,,,,,,,,,,,,,,,,,,,,,,,
29,r11,,r11,,r11,,,,,,,r11,,,,r11,r11,r11,r11,r11,,,,,,,,,,,,,,,,,,,,,,,,,,,,,,,,,,,,,,,,,,,,,,,,,
30,r13,,r13,,r13,,,,,,,r13,,,,r13,r13,r13,r13,r13,,,,,,,,,,,,,,,,,,,,,,,,,,,,,,,,,,,,,,,,,,,,,,,,,
31,r15,,r15,,r15,,,,,,,r15,,,,r15,r15,r15,r15,r15,,,,,,,,,,,,,,,,,,,,,,,,,,,,,,,,,,,,,,,,,,,,,,,,,
32,,,,,s72,,s73,,,,,,s74,,,,,,,,,,,,,,,,,,,,,s70,,,s69,,,,,,,,,,,,,,,,,,,,58,59,60,61,62,63,64,65,66,67,68,71,
33,,,,,s89,,s90,,,,,,s91,,,,,,,,,,,,,,,,,,,,,s87,,,s86,,,,,,,,,,,,,,,,,,,,75,76,77,78,79,80,81,82,83,84,85,88,
34,r19,,r19,,r19,,,,,,,r19,,,,r19,r19,r19,r19,r19,,,,,,,,,,,,,,,,,,,,,,,,,,,,,,,,,,,,,,,,,,,,,,,,,
35,r20,,r20,,r20,,,,,,,r20,,,,r20,r20,r20,r20,r20,,,,,,,,,,,,,,,,,,,,,,,,,,,,,,,,,,,,,,,,,,,,,,,,,
36,,,,,s106,,s107,,,,,,s108,,,,,,,,,,,,,,,,,,,,,s104,,,s103,,,,,,,,,,,,,,,,,,,,92,93,94,95,96,97,98,99,100,101,102,105,
37,,,,,,,,,,,,,,,,s109,,,,,,,,,,,,,,,,,,,,,,,,,,,,,,,,,,,,,,,,,,,,,,,,,,,,,
38,,,,,,,,,,,,,,,,r9,,,,,,,,,,,,,,,,,,,,,,,,,,,,,,,,,,,,,,,,,,,,,,,,,,,,,
39,,,s115,,s10,,,,,,,s122,,,,s121,s19,s20,s21,s22,,,,,,,,,,,,,,,,,,,,,,,,,110,111,113,114,112,116,120,117,118,119,15,16,,,,,,,,,,,,,
40,,,s123,,,,,,,,,,,,,,,,,,,,,,,,,,,,,,,,,,,,,,,,,,,,,,,,,,,,,,,,,,,,,,,,,,
41,,,,,,,,,,,,,,,,r14,,,,,,,,,,,,,,,,,,,,,,,,,,,,,,,,,,,,,,,,,,,,,,,,,,,,,
42,,,s124,,,,,,,,,,,,,,,,,,,,,,,,,,,,,,,,,,,,,,,,,,,,,,,,,,,,,,,,,,,,,,,,,,
43,,,,,,,,,,,,,,,,r16,,,,,,,,,,,,,,,,,,,,,,,,,,,,,,,,,,,,,,,,,,,,,,,,,,,,,
44,,,,,,,,,,,,,,,,r17,,,,,,,,,,,,,,,,,,,,,,,,,,,,,,,,,,,,,,,,,,,,,,,,,,,,,
45,,,,,,,,,,,,,,,,r18,,,,,,,,,,,,,,,,,,,,,,,,,,,,,,,,,,,,,,,,,,,,,,,,,,,,,
46,,,s125,,,,,,,,,,,,,,,,,,,,,,,,,,,,,,,,,,,,,,,,,,,,,,,,,,,,,,,,,,,,,,,,,,
47,,,s126,,,,,,,,,,,,,,,,,,,,,,,,,,,,,,,,,,,,,,,,,,,,,,,,,,,,,,,,,,,,,,,,,,
48,,,,,,,,,,,,,,,,r25,,,,,,,,,,,,,,,,,,,,,,,,,,,,,,,,,,,,,,,,,,,,,,,,,,,,,
49,,,,,,,,,,,,,s127,,,,,,,,,,,,,,,,,,,,,,,,,,,,,,,,,,,,,,,,,,,,,,,,,,,,,,,,
50,,,,,,,,,,,,,s128,,,,,,,,,,,,,,,,,,,,,,,,,,,,,,,,,,,,,,,,,,,,,,,,,,,,,,,,
51,,,,,s129,,,,,,,,,,,,,,,,,,,,,,,,,,,,,,,,,,,,,,,,,,,,,,,,,,,,,,,,,,,,,,,,
52,,,,,s106,,s107,,,,,,s108,,,,,,,,,,,,,,,,,,,,,s104,,,s103,,,,,,,,,,,,,,,,,,,,130,93,94,95,96,97,98,99,100,101,102,105,
53,,,,,s106,,s107,,,,,,s108,,,,,,,,,,,,,,,,,,,,,s104,,,s103,,,,,,,,,,,,,,,,,,,,131,93,94,95,96,97,98,99,100,101,102,105,
54,,r3,r3,,r3,,,,,,,r3,,,,r3,r3,r3,r3,r3,,,,,,,,,,,,,,,,,,,,,,,,,,,,,,,,,,,,,,,,,,,,,,,,,
55,,,,,s27,,,,,,,,,,,,,,,,,,,,,,,,,,,,,,,,,,,,,,132,,,,,,,,,,,,,,,,,,,,,,,,,,
56,,,,,,,s133,,,,,,,,,,,,,,,,,,,,,,,,,,,,,,,,,,,,,,,,,,,,,,,,,,,,,,,,,,,,,,
57,,,,,,,s134,,,,,,,,,,,,,,,,,,,,,,,,,,,,,,,,,,,,,,,,,,,,,,,,,,,,,,,,,,,,,,
58,,,,,,,,,s135,,,,,,,,,,,,,,,,,,,,,,,,,,,,,,,,,,,,,,,,,,,,,,,,,,,,,,,,,,,,
59,,,,,,,,,r33,,,,,,,,,,,,s136,,,,,,,,,,,,,,,,,,,,,,,,,,,,,,,,,,,,,,,,,,,,,,,,
60,,,,,,,,,r35,,,,,,,,,,,,r35,s137,,,,,,,,,,,,,,,,,,,,,,,,,,,,,,,,,,,,,,,,,,,,,,,
61,,,,,,,,,r37,,,,,,,,,,,,r37,r37,s138,,,,,,,,,,,,,,,,,,,,,,,,,,,,,,,,,,,,,,,,,,,,,,
62,,,,,,,,,r39,,,,,,,,,,,,r39,r39,r39,s139,,,,,,,,,,,,,,,,,,,,,,,,,,,,,,,,,,,,,,,,,,,,,
63,,,,,,,,,r41,,,,,,,,,,,,r41,r41,r41,r41,s140,s141,,,,,,,,,,,,,,,,,,,,,,,,,,,,,,,,,,,,,,,,,,,
64,,,,,,,,,r44,,,,,,,,,,,,r44,r44,r44,r44,r44,r44,s142,s143,s144,s145,,,,,,,,,,,,,,,,,,,,,,,,,,,,,,,,,,,,,,,
65,,,,,,,,,r49,,,,,,,,,,,,r49,r49,r49,r49,r49,r49,r49,r49,r49,r49,s146,s147,,,,,,,,,,,,,,,,,,,,,,,,,,,,,,,,,,,,,
66,,,,,,,,,r52,,,,,,,,,,,,r52,r52,r52,r52,r52,r52,r52,r52,r52,r52,r52,r52,s148,s149,,,,,,,,,,,,,,,,,,,,,,,,,,,,,,,,,,,
67,,,,,,,,,r55,,,,,,,,,,,,r55,r55,r55,r55,r55,r55,r55,r55,r55,r55,r55,r55,r55,r55,s150,s151,,,,,,,,,,,,,,,,,,,,,,,,,,,,,,,,,
68,,,,,,,,,r58,,,,,,,,,,,,r58,r58,r58,r58,r58,r58,r58,r58,r58,r58,r58,r58,r58,r58,r58,r58,,,,,,,,,,,,,,,,,,,,,,,,,,,,,,,,,
69,,,,,s72,,s73,,,,,,s74,,,,,,,,,,,,,,,,,,,,,,,,,,,,,,,,,,,,,,,,,,,,,,,,,,,,,,,152,
70,,,,,s72,,s73,,,,,,s74,,,,,,,,,,,,,,,,,,,,,,,,,,,,,,,,,,,,,,,,,,,,,,,,,,,,,,,153,
71,,,,,,,,,r61,,,,,,,,,,,,r61,r61,r61,r61,r61,r61,r61,r61,r61,r61,r61,r61,r61,r61,r61,r61,,,,,,,,,,,,,,,,,,,,,,,,,,,,,,,,,
72,,,,,,,,s154,r64,,,,,,,,,,,,r64,r64,r64,r64,r64,r64,r64,r64,r64,r64,r64,r64,r64,r64,r64,r64,,,,,,,,,,,,,,,,,,,,,,,,,,,,,,,,,
73,,,,,,,,,r63,,,,,,,,,,,,r63,r63,r63,r63,r63,r63,r63,r63,r63,r63,r63,r63,r63,r63,r63,r63,,,,,,,,,,,,,,,,,,,,,,,,,,,,,,,,,
74,,,,,s106,,s107,,,,,,s108,,,,,,,,,,,,,,,,,,,,,s104,,,s103,,,,,,,,,,,,,,,,,,,,155,93,94,95,96,97,98,99,100,101,102,105,
75,,,r24,,,,,,,,,,,,,,,,,,,,,,,,,,,,,,,,,,,,,,,,,,,,,,,,,,,,,,,,,,,,,,,,,,
76,,,r33,,,,,,,,,,,,,,,,,,s156,,,,,,,,,,,,,,,,,,,,,,,,,,,,,,,,,,,,,,,,,,,,,,,,
77,,,r35,,,,,,,,,,,,,,,,,,r35,s157,,,,,,,,,,,,,,,,,,,,,,,,,,,,,,,,,,,,,,,,,,,,,,,
78,,,r37,,,,,,,,,,,,,,,,,,r37,r37,s158,,,,,,,,,,,,,,,,,,,,,,,,,,,,,,,,,,,,,,,,,,,,,,
79,,,r39,,,,,,,,,,,,,,,,,,r39,r39,r39,s159,,,,,,,,,,,,,,,,,,,,,,,,,,,,,,,,,,,,,,,,,,,,,
80,,,r41,,,,,,,,,,,,,,,,,,r41,r41,r41,r41,s160,s161,,,,,,,,,,,,,,,,,,,,,,,,,,,,,,,,,,,,,,,,,,,
81,,,r44,,,,,,,,,,,,,,,,,,r44,r44,r44,r44,r44,r44,s162,s163,s164,s165,,,,,,,,,,,,,,,,,,,,,,,,,,,,,,,,,,,,,,,
82,,,r49,,,,,,,,,,,,,,,,,,r49,r49,r49,r49,r49,r49,r49,r49,r49,r49,s166,s167,,,,,,,,,,,,,,,,,,,,,,,,,,,,,,,,,,,,,
83,,,r52,,,,,,,,,,,,,,,,,,r52,r52,r52,r52,r52,r52,r52,r52,r52,r52,r52,r52,s168,s169,,,,,,,,,,,,,,,,,,,,,,,,,,,,,,,,,,,
84,,,r55,,,,,,,,,,,,,,,,,,r55,r55,r55,r55,r55,r55,r55,r55,r55,r55,r55,r55,r55,r55,s170,s171,,,,,,,,,,,,,,,,,,,,,,,,,,,,,,,,,
85,,,r58,,,,,,,,,,,,,,,,,,r58,r58,r58,r58,r58,r58,r58,r58,r58,r58,r58,r58,r58,r58,r58,r58,,,,,,,,,,,,,,,,,,,,,,,,,,,,,,,,,
86,,,,,s89,,s90,,,,,,s91,,,,,,,,,,,,,,,,,,,,,,,,,,,,,,,,,,,,,,,,,,,,,,,,,,,,,,,172,
87,,,,,s89,,s90,,,,,,s91,,,,,,,,,,,,,,,,,,,,,,,,,,,,,,,,,,,,,,,,,,,,,,,,,,,,,,,173,
88,,,r61,,,,,,,,,,,,,,,,,,r61,r61,r61,r61,r61,r61,r61,r61,r61,r61,r61,r61,r61,r61,r61,r61,,,,,,,,,,,,,,,,,,,,,,,,,,,,,,,,,
89,,,r64,,,,,s174,,,,,,,,,,,,,r64,r64,r64,r64,r64,r64,r64,r64,r64,r64,r64,r64,r64,r64,r64,r64,,,,,,,,,,,,,,,,,,,,,,,,,,,,,,,,,
90,,,r63,,,,,,,,,,,,,,,,,,r63,r63,r63,r63,r63,r63,r63,r63,r63,r63,r63,r63,r63,r63,r63,r63,,,,,,,,,,,,,,,,,,,,,,,,,,,,,,,,,
91,,,,,s106,,s107,,,,,,s108,,,,,,,,,,,,,,,,,,,,,s104,,,s103,,,,,,,,,,,,,,,,,,,,175,93,94,95,96,97,98,99,100,101,102,105,
92,,,,,,,,,,,,,,s176,,,,,,,,,,,,,,,,,,,,,,,,,,,,,,,,,,,,,,,,,,,,,,,,,,,,,,,
93,,,,,,,,,,,,,,r33,,,,,,,s177,,,,,,,,,,,,,,,,,,,,,,,,,,,,,,,,,,,,,,,,,,,,,,,,
94,,,,,,,,,,,,,,r35,,,,,,,r35,s178,,,,,,,,,,,,,,,,,,,,,,,,,,,,,,,,,,,,,,,,,,,,,,,
95,,,,,,,,,,,,,,r37,,,,,,,r37,r37,s179,,,,,,,,,,,,,,,,,,,,,,,,,,,,,,,,,,,,,,,,,,,,,,
96,,,,,,,,,,,,,,r39,,,,,,,r39,r39,r39,s180,,,,,,,,,,,,,,,,,,,,,,,,,,,,,,,,,,,,,,,,,,,,,
97,,,,,,,,,,,,,,r41,,,,,,,r41,r41,r41,r41,s181,s182,,,,,,,,,,,,,,,,,,,,,,,,,,,,,,,,,,,,,,,,,,,
98,,,,,,,,,,,,,,r44,,,,,,,r44,r44,r44,r44,r44,r44,s183,s184,s185,s186,,,,,,,,,,,,,,,,,,,,,,,,,,,,,,,,,,,,,,,
99,,,,,,,,,,,,,,r49,,,,,,,r49,r49,r49,r49,r49,r49,r49,r49,r49,r49,s187,s188,,,,,,,,,,,,,,,,,,,,,,,,,,,,,,,,,,,,,
100,,,,,,,,,,,,,,r52,,,,,,,r52,r52,r52,r52,r52,r52,r52,r52,r52,r52,r52,r52,s189,s190,,,,,,,,,,,,,,,,,,,,,,,,,,,,,,,,,,,
101,,,,,,,,,,,,,,r55,,,,,,,r55,r55,r55,r55,r55,r55,r55,r55,r55,r55,r55,r55,r55,r55,s191,s192,,,,,,,,,,,,,,,,,,,,,,,,,,,,,,,,,
102,,,,,,,,,,,,,,r58,,,,,,,r58,r58,r58,r58,r58,r58,r58,r58,r58,r58,r58,r58,r58,r58,r58,r58,,,,,,,,,,,,,,,,,,,,,,,,,,,,,,,,,
103,,,,,s106,,s107,,,,,,s108,,,,,,,,,,,,,,,,,,,,,,,,,,,,,,,,,,,,,,,,,,,,,,,,,,,,,,,193,
104,,,,,s106,,s107,,,,,,s108,,,,,,,,,,,,,,,,,,,,,,,,,,,,,,,,,,,,,,,,,,,,,,,,,,,,,,,194,
105,,,,,,,,,,,,,,r61,,,,,,,r61,r61,r61,r61,r61,r61,r61,r61,r61,r61,r61,r61,r61,r61,r61,r61,,,,,,,,,,,,,,,,,,,,,,,,,,,,,,,,,
106,,,,,,,,s195,,,,,,r64,,,,,,,r64,r64,r64,r64,r64,r64,r64,r64,r64,r64,r64,r64,r64,r64,r64,r64,,,,,,,,,,,,,,,,,,,,,,,,,,,,,,,,,
107,,,,,,,,,,,,,,r63,,,,,,,r63,r63,r63,r63,r63,r63,r63,r63,r63,r63,r63,r63,r63,r63,r63,r63,,,,,,,,,,,,,,,,,,,,,,,,,,,,,,,,,
108,,,,,s106,,s107,,,,,,s108,,,,,,,,,,,,,,,,,,,,,s104,,,s103,,,,,,,,,,,,,,,,,,,,196,93,94,95,96,97,98,99,100,101,102,105,
109,,,,,,,,,,,,,s197,,,,,,,,,,,,,,,,,,,,,,,,,,,,,,,,,,,,,,,,,,,,,,,,,,,,,,,,
110,,,s115,,s10,,,,,,s198,s122,,,,s121,s19,s20,s21,s22,,,,,,,,,,,,,,,,,,,,,,,,,,199,113,114,112,116,120,117,118,119,15,16,,,,,,,,,,,,,
111,,,r12,,r12,,,,,,r12,r12,,,,r12,r12,r12,r12,r12,,,,,,,,,,,,,,,,,,,,,,,,,,,,,,,,,,,,,,,,,,,,,,,,,
112,,,s200,,,,,,,,,,,,,,,,,,,,,,,,,,,,,,,,,,,,,,,,,,,,,,,,,,,,,,,,,,,,,,,,,,
113,,,r14,,r14,,,,,,r14,r14,,,,r14,r14,r14,r14,r14,,,,,,,,,,,,,,,,,,,,,,,,,,,,,,,,,,,,,,,,,,,,,,,,,
114,,,s201,,,,,,,,,,,,,,,,,,,,,,,,,,,,,,,,,,,,,,,,,,,,,,,,,,,,,,,,,,,,,,,,,,
115,,,r16,,r16,,,,,,r16,r16,,,,r16,r16,r16,r16,r16,,,,,,,,,,,,,,,,,,,,,,,,,,,,,,,,,,,,,,,,,,,,,,,,,
116,,,r17,,r17,,,,,,r17,r17,,,,r17,r17,r17,r17,r17,,,,,,,,,,,,,,,,,,,,,,,,,,,,,,,,,,,,,,,,,,,,,,,,,
117,,,r18,,r18,,,,,,r18,r18,,,,r18,r18,r18,r18,r18,,,,,,,,,,,,,,,,,,,,,,,,,,,,,,,,,,,,,,,,,,,,,,,,,
118,,,s202,,,,,,,,,,,,,,,,,,,,,,,,,,,,,,,,,,,,,,,,,,,,,,,,,,,,,,,,,,,,,,,,,,
119,,,s203,,,,,,,,,,,,,,,,,,,,,,,,,,,,,,,,,,,,,,,,,,,,,,,,,,,,,,,,,,,,,,,,,,
120,,,r25,,r25,,,,,,r25,r25,,,,r25,r25,r25,r25,r25,,,,,,,,,,,,,,,,,,,,,,,,,,,,,,,,,,,,,,,,,,,,,,,,,
121,,,,,,,,,,,,,s204,,,,,,,,,,,,,,,,,,,,,,,,,,,,,,,,,,,,,,,,,,,,,,,,,,,,,,,,
122,,,,,,,,,,,,,s205,,,,,,,,,,,,,,,,,,,,,,,,,,,,,,,,,,,,,,,,,,,,,,,,,,,,,,,,
123,,,,,,,,,,,,,,,,r13,,,,,,,,,,,,,,,,,,,,,,,,,,,,,,,,,,,,,,,,,,,,,,,,,,,,,
124,,,,,,,,,,,,,,,,r15,,,,,,,,,,,,,,,,,,,,,,,,,,,,,,,,,,,,,,,,,,,,,,,,,,,,,
125,,,,,,,,,,,,,,,,r19,,,,,,,,,,,,,,,,,,,,,,,,,,,,,,,,,,,,,,,,,,,,,,,,,,,,,
126,,,,,,,,,,,,,,,,r20,,,,,,,,,,,,,,,,,,,,,,,,,,,,,,,,,,,,,,,,,,,,,,,,,,,,,
127,,,,,s106,,s107,,,,,,s108,,,,,,,,,,,,,,,,,,,,,s104,,,s103,,,,,,,,,,,,,,,,,,,,206,93,94,95,96,97,98,99,100,101,102,105,
128,,,,,s106,,s107,,,,,,s108,,,,,,,,,,,,,,,,,,,,,s104,,,s103,,,,,,,,,,,,,,,,,,,,207,93,94,95,96,97,98,99,100,101,102,105,
129,,,,,,,,,,,,,,s208,,,,,,,,,,,,,,,,,,,,,,,,,,,,,,,,,,,,,,,,,,,,,,,,,,,,,,,
130,,,,,,,,,,,,,,s209,,,,,,,,,,,,,,,,,,,,,,,,,,,,,,,,,,,,,,,,,,,,,,,,,,,,,,,
131,,,,,,,,,,,,,,s210,,,,,,,,,,,,,,,,,,,,,,,,,,,,,,,,,,,,,,,,,,,,,,,,,,,,,,,
132,,,r4,r4,,,,,,,,,,,,,,,,,,,,,,,,,,,,,,,,,,,,,,,,,,,,,,,,,,,,,,,,,,,,,,,,,
133,,,r6,r6,,,,,,,,,,,,,,,,,,,,,,,,,,,,,,,,,,,,,,,,,,,,,,,,,,,,,,,,,,,,,,,,,
134,,,,,,,,,s211,,,,,,,,,,,,,,,,,,,,,,,,,,,,,,,,,,,,,,,,,,,,,,,,,,,,,,,,,,,,
135,,,,,,s212,,,,,,,,,,,,,,,,,,,,,,,,,,,,,,,,,,,,,,,,,,,,,,,,,,,,,,,,,,,,,,,
136,,,,,s72,,s73,,,,,,s74,,,,,,,,,,,,,,,,,,,,,s70,,,s69,,,,,,,,,,,,,,,,,,,,,,213,61,62,63,64,65,66,67,68,71,
137,,,,,s72,,s73,,,,,,s74,,,,,,,,,,,,,,,,,,,,,s70,,,s69,,,,,,,,,,,,,,,,,,,,,,,214,62,63,64,65,66,67,68,71,
138,,,,,s72,,s73,,,,,,s74,,,,,,,,,,,,,,,,,,,,,s70,,,s69,,,,,,,,,,,,,,,,,,,,,,,,215,63,64,65,66,67,68,71,
139,,,,,s72,,s73,,,,,,s74,,,,,,,,,,,,,,,,,,,,,s70,,,s69,,,,,,,,,,,,,,,,,,,,,,,,,216,64,65,66,67,68,71,
140,,,,,s72,,s73,,,,,,s74,,,,,,,,,,,,,,,,,,,,,s70,,,s69,,,,,,,,,,,,,,,,,,,,,,,,,,217,65,66,67,68,71,
141,,,,,s72,,s73,,,,,,s74,,,,,,,,,,,,,,,,,,,,,s70,,,s69,,,,,,,,,,,,,,,,,,,,,,,,,,218,65,66,67,68,71,
142,,,,,s72,,s73,,,,,,s74,,,,,,,,,,,,,,,,,,,,,s70,,,s69,,,,,,,,,,,,,,,,,,,,,,,,,,,219,66,67,68,71,
143,,,,,s72,,s73,,,,,,s74,,,,,,,,,,,,,,,,,,,,,s70,,,s69,,,,,,,,,,,,,,,,,,,,,,,,,,,220,66,67,68,71,
144,,,,,s72,,s73,,,,,,s74,,,,,,,,,,,,,,,,,,,,,s70,,,s69,,,,,,,,,,,,,,,,,,,,,,,,,,,221,66,67,68,71,
145,,,,,s72,,s73,,,,,,s74,,,,,,,,,,,,,,,,,,,,,s70,,,s69,,,,,,,,,,,,,,,,,,,,,,,,,,,222,66,67,68,71,
146,,,,,s72,,s73,,,,,,s74,,,,,,,,,,,,,,,,,,,,,s70,,,s69,,,,,,,,,,,,,,,,,,,,,,,,,,,,223,67,68,71,
147,,,,,s72,,s73,,,,,,s74,,,,,,,,,,,,,,,,,,,,,s70,,,s69,,,,,,,,,,,,,,,,,,,,,,,,,,,,224,67,68,71,
148,,,,,s72,,s73,,,,,,s74,,,,,,,,,,,,,,,,,,,,,s70,,,s69,,,,,,,,,,,,,,,,,,,,,,,,,,,,,225,68,71,
149,,,,,s72,,s73,,,,,,s74,,,,,,,,,,,,,,,,,,,,,s70,,,s69,,,,,,,,,,,,,,,,,,,,,,,,,,,,,226,68,71,
150,,,,,s72,,s73,,,,,,s74,,,,,,,,,,,,,,,,,,,,,s70,,,s69,,,,,,,,,,,,,,,,,,,,,,,,,,,,,,227,71,
151,,,,,s72,,s73,,,,,,s74,,,,,,,,,,,,,,,,,,,,,s70,,,s69,,,,,,,,,,,,,,,,,,,,,,,,,,,,,,228,71,
152,,,,,,,,,r59,,,,,,,,,,,,r59,r59,r59,r59,r59,r59,r59,r59,r59,r59,r59,r59,r59,r59,r59,r59,,,,,,,,,,,,,,,,,,,,,,,,,,,,,,,,,
153,,,,,,,,,r60,,,,,,,,,,,,r60,r60,r60,r60,r60,r60,r60,r60,r60,r60,r60,r60,r60,r60,r60,r60,,,,,,,,,,,,,,,,,,,,,,,,,,,,,,,,,
154,,,,,s72,,s73,,,,,,s74,,,,,,,,,,,,,,,,,,,,,s70,,,s69,,,,,,,,,,,,,,,,,,,,229,59,60,61,62,63,64,65,66,67,68,71,
155,,,,,,,,,,,,,,s230,,,,,,,,,,,,,,,,,,,,,,,,,,,,,,,,,,,,,,,,,,,,,,,,,,,,,,,
156,,,,,s89,,s90,,,,,,s91,,,,,,,,,,,,,,,,,,,,,s87,,,s86,,,,,,,,,,,,,,,,,,,,,,231,78,79,80,81,82,83,84,85,88,
157,,,,,s89,,s90,,,,,,s91,,,,,,,,,,,,,,,,,,,,,s87,,,s86,,,,,,,,,,,,,,,,,,,,,,,232,79,80,81,82,83,84,85,88,
158,,,,,s89,,s90,,,,,,s91,,,,,,,,,,,,,,,,,,,,,s87,,,s86,,,,,,,,,,,,,,,,,,,,,,,,233,80,81,82,83,84,85,88,
159,,,,,s89,,s90,,,,,,s91,,,,,,,,,,,,,,,,,,,,,s87,,,s86,,,,,,,,,,,,,,,,,,,,,,,,,234,81,82,83,84,85,88,
160,,,,,s89,,s90,,,,,,s91,,,,,,,,,,,,,,,,,,,,,s87,,,s86,,,,,,,,,,,,,,,,,,,,,,,,,,235,82,83,84,85,88,
161,,,,,s89,,s90,,,,,,s91,,,,,,,,,,,,,,,,,,,,,s87,,,s86,,,,,,,,,,,,,,,,,,,,,,,,,,236,82,83,84,85,88,
162,,,,,s89,,s90,,,,,,s91,,,,,,,,,,,,,,,,,,,,,s87,,,s86,,,,,,,,,,,,,,,,,,,,,,,,,,,237,83,84,85,88,
163,,,,,s89,,s90,,,,,,s91,,,,,,,,,,,,,,,,,,,,,s87,,,s86,,,,,,,,,,,,,,,,,,,,,,,,,,,238,83,84,85,88,
164,,,,,s89,,s90,,,,,,s91,,,,,,,,,,,,,,,,,,,,,s87,,,s86,,,,,,,,,,,,,,,,,,,,,,,,,,,239,83,84,85,88,
165,,,,,s89,,s90,,,,,,s91,,,,,,,,,,,,,,,,,,,,,s87,,,s86,,,,,,,,,,,,,,,,,,,,,,,,,,,240,83,84,85,88,
166,,,,,s89,,s90,,,,,,s91,,,,,,,,,,,,,,,,,,,,,s87,,,s86,,,,,,,,,,,,,,,,,,,,,,,,,,,,241,84,85,88,
167,,,,,s89,,s90,,,,,,s91,,,,,,,,,,,,,,,,,,,,,s87,,,s86,,,,,,,,,,,,,,,,,,,,,,,,,,,,242,84,85,88,
168,,,,,s89,,s90,,,,,,s91,,,,,,,,,,,,,,,,,,,,,s87,,,s86,,,,,,,,,,,,,,,,,,,,,,,,,,,,,243,85,88,
169,,,,,s89,,s90,,,,,,s91,,,,,,,,,,,,,,,,,,,,,s87,,,s86,,,,,,,,,,,,,,,,,,,,,,,,,,,,,244,85,88,
170,,,,,s89,,s90,,,,,,s91,,,,,,,,,,,,,,,,,,,,,s87,,,s86,,,,,,,,,,,,,,,,,,,,,,,,,,,,,,245,88,
171,,,,,s89,,s90,,,,,,s91,,,,,,,,,,,,,,,,,,,,,s87,,,s86,,,,,,,,,,,,,,,,,,,,,,,,,,,,,,246,88,
172,,,r59,,,,,,,,,,,,,,,,,,r59,r59,r59,r59,r59,r59,r59,r59,r59,r59,r59,r59,r59,r59,r59,r59,,,,,,,,,,,,,,,,,,,,,,,,,,,,,,,,,
173,,,r60,,,,,,,,,,,,,,,,,,r60,r60,r60,r60,r60,r60,r60,r60,r60,r60,r60,r60,r60,r60,r60,r60,,,,,,,,,,,,,,,,,,,,,,,,,,,,,,,,,
174,,,,,s72,,s73,,,,,,s74,,,,,,,,,,,,,,,,,,,,,s70,,,s69,,,,,,,,,,,,,,,,,,,,247,59,60,61,62,63,64,65,66,67,68,71,
175,,,,,,,,,,,,,,s248,,,,,,,,,,,,,,,,,,,,,,,,,,,,,,,,,,,,,,,,,,,,,,,,,,,,,,,
176,,,s9,,s10,,,,,s251,,s23,,,,s18,s19,s20,s21,s22,,,,,,,,,,,,,,,,,,,,,,,,249,,250,7,8,6,11,17,12,13,14,15,16,,,,,,,,,,,,,
177,,,,,s106,,s107,,,,,,s108,,,,,,,,,,,,,,,,,,,,,s104,,,s103,,,,,,,,,,,,,,,,,,,,,,252,95,96,97,98,99,100,101,102,105,
178,,,,,s106,,s107,,,,,,s108,,,,,,,,,,,,,,,,,,,,,s104,,,s103,,,,,,,,,,,,,,,,,,,,,,,253,96,97,98,99,100,101,102,105,
179,,,,,s106,,s107,,,,,,s108,,,,,,,,,,,,,,,,,,,,,s104,,,s103,,,,,,,,,,,,,,,,,,,,,,,,254,97,98,99,100,101,102,105,
180,,,,,s106,,s107,,,,,,s108,,,,,,,,,,,,,,,,,,,,,s104,,,s103,,,,,,,,,,,,,,,,,,,,,,,,,255,98,99,100,101,102,105,
181,,,,,s106,,s107,,,,,,s108,,,,,,,,,,,,,,,,,,,,,s104,,,s103,,,,,,,,,,,,,,,,,,,,,,,,,,256,99,100,101,102,105,
182,,,,,s106,,s107,,,,,,s108,,,,,,,,,,,,,,,,,,,,,s104,,,s103,,,,,,,,,,,,,,,,,,,,,,,,,,257,99,100,101,102,105,
183,,,,,s106,,s107,,,,,,s108,,,,,,,,,,,,,,,,,,,,,s104,,,s103,,,,,,,,,,,,,,,,,,,,,,,,,,,258,100,101,102,105,
184,,,,,s106,,s107,,,,,,s108,,,,,,,,,,,,,,,,,,,,,s104,,,s103,,,,,,,,,,,,,,,,,,,,,,,,,,,259,100,101,102,105,
185,,,,,s106,,s107,,,,,,s108,,,,,,,,,,,,,,,,,,,,,s104,,,s103,,,,,,,,,,,,,,,,,,,,,,,,,,,260,100,101,102,105,
186,,,,,s106,,s107,,,,,,s108,,,,,,,,,,,,,,,,,,,,,s104,,,s103,,,,,,,,,,,,,,,,,,,,,,,,,,,261,100,101,102,105,
187,,,,,s106,,s107,,,,,,s108,,,,,,,,,,,,,,,,,,,,,s104,,,s103,,,,,,,,,,,,,,,,,,,,,,,,,,,,262,101,102,105,
188,,,,,s106,,s107,,,,,,s108,,,,,,,,,,,,,,,,,,,,,s104,,,s103,,,,,,,,,,,,,,,,,,,,,,,,,,,,263,101,102,105,
189,,,,,s106,,s107,,,,,,s108,,,,,,,,,,,,,,,,,,,,,s104,,,s103,,,,,,,,,,,,,,,,,,,,,,,,,,,,,264,102,105,
190,,,,,s106,,s107,,,,,,s108,,,,,,,,,,,,,,,,,,,,,s104,,,s103,,,,,,,,,,,,,,,,,,,,,,,,,,,,,265,102,105,
191,,,,,s106,,s107,,,,,,s108,,,,,,,,,,,,,,,,,,,,,s104,,,s103,,,,,,,,,,,,,,,,,,,,,,,,,,,,,,266,105,
192,,,,,s106,,s107,,,,,,s108,,,,,,,,,,,,,,,,,,,,,s104,,,s103,,,,,,,,,,,,,,,,,,,,,,,,,,,,,,267,105,
193,,,,,,,,,,,,,,r59,,,,,,,r59,r59,r59,r59,r59,r59,r59,r59,r59,r59,r59,r59,r59,r59,r59,r59,,,,,,,,,,,,,,,,,,,,,,,,,,,,,,,,,
194,,,,,,,,,,,,,,r60,,,,,,,r60,r60,r60,r60,r60,r60,r60,r60,r60,r60,r60,r60,r60,r60,r60,r60,,,,,,,,,,,,,,,,,,,,,,,,,,,,,,,,,
195,,,,,s72,,s73,,,,,,s74,,,,,,,,,,,,,,,,,,,,,s70,,,s69,,,,,,,,,,,,,,,,,,,,268,59,60,61,62,63,64,65,66,67,68,71,
196,,,,,,,,,,,,,,s269,,,,,,,,,,,,,,,,,,,,,,,,,,,,,,,,,,,,,,,,,,,,,,,,,,,,,,,
197,,,,,s106,,s107,,,,,,s108,,,,,,,,,,,,,,,,,,,,,s104,,,s103,,,,,,,,,,,,,,,,,,,,270,93,94,95,96,97,98,99,100,101,102,105,
198,,,,,,,,,,,,,,,,r10,,,,,,,,,,,,,,,,,,,,,,,,,,,,,,,,,,,,,,,,,,,,,,,,,,,,,
199,,,r11,,r11,,,,,,r11,r11,,,,r11,r11,r11,r11,r11,,,,,,,,,,,,,,,,,,,,,,,,,,,,,,,,,,,,,,,,,,,,,,,,,
200,,,r13,,r13,,,,,,r13,r13,,,,r13,r13,r13,r13,r13,,,,,,,,,,,,,,,,,,,,,,,,,,,,,,,,,,,,,,,,,,,,,,,,,
201,,,r15,,r15,,,,,,r15,r15,,,,r15,r15,r15,r15,r15,,,,,,,,,,,,,,,,,,,,,,,,,,,,,,,,,,,,,,,,,,,,,,,,,
202,,,r19,,r19,,,,,,r19,r19,,,,r19,r19,r19,r19,r19,,,,,,,,,,,,,,,,,,,,,,,,,,,,,,,,,,,,,,,,,,,,,,,,,
203,,,r20,,r20,,,,,,r20,r20,,,,r20,r20,r20,r20,r20,,,,,,,,,,,,,,,,,,,,,,,,,,,,,,,,,,,,,,,,,,,,,,,,,
204,,,,,s106,,s107,,,,,,s108,,,,,,,,,,,,,,,,,,,,,s104,,,s103,,,,,,,,,,,,,,,,,,,,271,93,94,95,96,97,98,99,100,101,102,105,
205,,,,,s106,,s107,,,,,,s108,,,,,,,,,,,,,,,,,,,,,s104,,,s103,,,,,,,,,,,,,,,,,,,,272,93,94,95,96,97,98,99,100,101,102,105,
206,,,,,,,,,,,,,,s273,,,,,,,,,,,,,,,,,,,,,,,,,,,,,,,,,,,,,,,,,,,,,,,,,,,,,,,
207,,,,,,,,,,,,,,s274,,,,,,,,,,,,,,,,,,,,,,,,,,,,,,,,,,,,,,,,,,,,,,,,,,,,,,,
208,,,r31,,,,,,,,,,,,,,,,,,,,,,,,,,,,,,,,,,,,,,,,,,,,,,,,,,,,,,,,,,,,,,,,,,
209,,,r32,,,,,,,,,,,,,,,,,,,,,,,,,,,,,,,,,,,,,,,,,,,,,,,,,,,,,,,,,,,,,,,,,,
210,,,s281,,s10,,,,,s277,,s288,,,,s287,s19,s20,s21,s22,,,,,,,,,,,,,,,,,,,,,,,,275,,276,279,280,278,282,286,283,284,285,15,16,,,,,,,,,,,,,
211,,,r7,r7,,,,,,,,,,,,,,,,,,,,,,,,,,,,,,,,,,,,,,,,,,,,,,,,,,,,,,,,,,,,,,,,,
212,,,,,s89,,s90,,,,,,s91,,,,,,,,,,,,,,,,,,,,,s87,,,s86,,,,,,,,,,,,,,,,,,,,289,76,77,78,79,80,81,82,83,84,85,88,
213,,,,,,,,,r34,,,,,,,,,,,,r34,s137,,,,,,,,,,,,,,,,,,,,,,,,,,,,,,,,,,,,,,,,,,,,,,,
214,,,,,,,,,r36,,,,,,,,,,,,r36,r36,s138,,,,,,,,,,,,,,,,,,,,,,,,,,,,,,,,,,,,,,,,,,,,,,
215,,,,,,,,,r38,,,,,,,,,,,,r38,r38,r38,s139,,,,,,,,,,,,,,,,,,,,,,,,,,,,,,,,,,,,,,,,,,,,,
216,,,,,,,,,r40,,,,,,,,,,,,r40,r40,r40,r40,s140,s141,,,,,,,,,,,,,,,,,,,,,,,,,,,,,,,,,,,,,,,,,,,
217,,,,,,,,,r42,,,,,,,,,,,,r42,r42,r42,r42,r42,r42,s142,s143,s144,s145,,,,,,,,,,,,,,,,,,,,,,,,,,,,,,,,,,,,,,,
218,,,,,,,,,r43,,,,,,,,,,,,r43,r43,r43,r43,r43,r43,s142,s143,s144,s145,,,,,,,,,,,,,,,,,,,,,,,,,,,,,,,,,,,,,,,
219,,,,,,,,,r45,,,,,,,,,,,,r45,r45,r45,r45,r45,r45,r45,r45,r45,r45,s146,s147,,,,,,,,,,,,,,,,,,,,,,,,,,,,,,,,,,,,,
220,,,,,,,,,r46,,,,,,,,,,,,r46,r46,r46,r46,r46,r46,r46,r46,r46,r46,s146,s147,,,,,,,,,,,,,,,,,,,,,,,,,,,,,,,,,,,,,
221,,,,,,,,,r47,,,,,,,,,,,,r47,r47,r47,r47,r47,r47,r47,r47,r47,r47,s146,s147,,,,,,,,,,,,,,,,,,,,,,,,,,,,,,,,,,,,,
222,,,,,,,,,r48,,,,,,,,,,,,r48,r48,r48,r48,r48,r48,r48,r48,r48,r48,s146,s147,,,,,,,,,,,,,,,,,,,,,,,,,,,,,,,,,,,,,
223,,,,,,,,,r50,,,,,,,,,,,,r50,r50,r50,r50,r50,r50,r50,r50,r50,r50,r50,r50,s148,s149,,,,,,,,,,,,,,,,,,,,,,,,,,,,,,,,,,,
224,,,,,,,,,r51,,,,,,,,,,,,r51,r51,r51,r51,r51,r51,r51,r51,r51,r51,r51,r51,s148,s149,,,,,,,,,,,,,,,,,,,,,,,,,,,,,,,,,,,
225,,,,,,,,,r53,,,,,,,,,,,,r53,r53,r53,r53,r53,r53,r53,r53,r53,r53,r53,r53,r53,r53,s150,s151,,,,,,,,,,,,,,,,,,,,,,,,,,,,,,,,,
226,,,,,,,,,r54,,,,,,,,,,,,r54,r54,r54,r54,r54,r54,r54,r54,r54,r54,r54,r54,r54,r54,s150,s151,,,,,,,,,,,,,,,,,,,,,,,,,,,,,,,,,
227,,,,,,,,,r56,,,,,,,,,,,,r56,r56,r56,r56,r56,r56,r56,r56,r56,r56,r56,r56,r56,r56,r56,r56,,,,,,,,,,,,,,,,,,,,,,,,,,,,,,,,,
228,,,,,,,,,r57,,,,,,,,,,,,r57,r57,r57,r57,r57,r57,r57,r57,r57,r57,r57,r57,r57,r57,r57,r57,,,,,,,,,,,,,,,,,,,,,,,,,,,,,,,,,
229,,,,,,,,,s290,,,,,,,,,,,,,,,,,,,,,,,,,,,,,,,,,,,,,,,,,,,,,,,,,,,,,,,,,,,,
230,,,,,,,,,r65,,,,,,,,,,,,r65,r65,r65,r65,r65,r65,r65,r65,r65,r65,r65,r65,r65,r65,r65,r65,,,,,,,,,,,,,,,,,,,,,,,,,,,,,,,,,
231,,,r34,,,,,,,,,,,,,,,,,,r34,s157,,,,,,,,,,,,,,,,,,,,,,,,,,,,,,,,,,,,,,,,,,,,,,,
232,,,r36,,,,,,,,,,,,,,,,,,r36,r36,s158,,,,,,,,,,,,,,,,,,,,,,,,,,,,,,,,,,,,,,,,,,,,,,
233,,,r38,,,,,,,,,,,,,,,,,,r38,r38,r38,s159,,,,,,,,,,,,,,,,,,,,,,,,,,,,,,,,,,,,,,,,,,,,,
234,,,r40,,,,,,,,,,,,,,,,,,r40,r40,r40,r40,s160,s161,,,,,,,,,,,,,,,,,,,,,,,,,,,,,,,,,,,,,,,,,,,
235,,,r42,,,,,,,,,,,,,,,,,,r42,r42,r42,r42,r42,r42,s162,s163,s164,s165,,,,,,,,,,,,,,,,,,,,,,,,,,,,,,,,,,,,,,,
236,,,r43,,,,,,,,,,,,,,,,,,r43,r43,r43,r43,r43,r43,s162,s163,s164,s165,,,,,,,,,,,,,,,,,,,,,,,,,,,,,,,,,,,,,,,
237,,,r45,,,,,,,,,,,,,,,,,,r45,r45,r45,r45,r45,r45,r45,r45,r45,r45,s166,s167,,,,,,,,,,,,,,,,,,,,,,,,,,,,,,,,,,,,,
238,,,r46,,,,,,,,,,,,,,,,,,r46,r46,r46,r46,r46,r46,r46,r46,r46,r46,s166,s167,,,,,,,,,,,,,,,,,,,,,,,,,,,,,,,,,,,,,
239,,,r47,,,,,,,,,,,,,,,,,,r47,r47,r47,r47,r47,r47,r47,r47,r47,r47,s166,s167,,,,,,,,,,,,,,,,,,,,,,,,,,,,,,,,,,,,,
240,,,r48,,,,,,,,,,,,,,,,,,r48,r48,r48,r48,r48,r48,r48,r48,r48,r48,s166,s167,,,,,,,,,,,,,,,,,,,,,,,,,,,,,,,,,,,,,
241,,,r50,,,,,,,,,,,,,,,,,,r50,r50,r50,r50,r50,r50,r50,r50,r50,r50,r50,r50,s168,s169,,,,,,,,,,,,,,,,,,,,,,,,,,,,,,,,,,,
242,,,r51,,,,,,,,,,,,,,,,,,r51,r51,r51,r51,r51,r51,r51,r51,r51,r51,r51,r51,s168,s169,,,,,,,,,,,,,,,,,,,,,,,,,,,,,,,,,,,
243,,,r53,,,,,,,,,,,,,,,,,,r53,r53,r53,r53,r53,r53,r53,r53,r53,r53,r53,r53,r53,r53,s170,s171,,,,,,,,,,,,,,,,,,,,,,,,,,,,,,,,,
244,,,r54,,,,,,,,,,,,,,,,,,r54,r54,r54,r54,r54,r54,r54,r54,r54,r54,r54,r54,r54,r54,s170,s171,,,,,,,,,,,,,,,,,,,,,,,,,,,,,,,,,
245,,,r56,,,,,,,,,,,,,,,,,,r56,r56,r56,r56,r56,r56,r56,r56,r56,r56,r56,r56,r56,r56,r56,r56,,,,,,,,,,,,,,,,,,,,,,,,,,,,,,,,,
246,,,r57,,,,,,,,,,,,,,,,,,r57,r57,r57,r57,r57,r57,r57,r57,r57,r57,r57,r57,r57,r57,r57,r57,,,,,,,,,,,,,,,,,,,,,,,,,,,,,,,,,
247,,,,,,,,,s291,,,,,,,,,,,,,,,,,,,,,,,,,,,,,,,,,,,,,,,,,,,,,,,,,,,,,,,,,,,,
248,,,r65,,,,,,,,,,,,,,,,,,r65,r65,r65,r65,r65,r65,r65,r65,r65,r65,r65,r65,r65,r65,r65,r65,,,,,,,,,,,,,,,,,,,,,,,,,,,,,,,,,
249,r28,,r28,,r28,,,,,,,r28,,,,r28,r28,r28,r28,r28,,,,,,,,,,,,,,,,,,,,,,,,,,,,,,,,,,,,,,,,,,,,,,,,,
250,r9,,r9,,r9,,,,,,,r9,,,,r9,r9,r9,r9,r9,,,,,,,,,,,,,,,,,,,,,,,,,,,,,,,,,,,,,,,,,,,,,,,,,
251,,,s115,,s10,,,,,,,s122,,,,s121,s19,s20,s21,s22,,,,,,,,,,,,,,,,,,,,,,,,,292,111,113,114,112,116,120,117,118,119,15,16,,,,,,,,,,,,,
252,,,,,,,,,,,,,,r34,,,,,,,r34,s178,,,,,,,,,,,,,,,,,,,,,,,,,,,,,,,,,,,,,,,,,,,,,,,
253,,,,,,,,,,,,,,r36,,,,,,,r36,r36,s179,,,,,,,,,,,,,,,,,,,,,,,,,,,,,,,,,,,,,,,,,,,,,,
254,,,,,,,,,,,,,,r38,,,,,,,r38,r38,r38,s180,,,,,,,,,,,,,,,,,,,,,,,,,,,,,,,,,,,,,,,,,,,,,
255,,,,,,,,,,,,,,r40,,,,,,,r40,r40,r40,r40,s181,s182,,,,,,,,,,,,,,,,,,,,,,,,,,,,,,,,,,,,,,,,,,,
256,,,,,,,,,,,,,,r42,,,,,,,r42,r42,r42,r42,r42,r42,s183,s184,s185,s186,,,,,,,,,,,,,,,,,,,,,,,,,,,,,,,,,,,,,,,
257,,,,,,,,,,,,,,r43,,,,,,,r43,r43,r43,r43,r43,r43,s183,s184,s185,s186,,,,,,,,,,,,,,,,,,,,,,,,,,,,,,,,,,,,,,,
258,,,,,,,,,,,,,,r45,,,,,,,r45,r45,r45,r45,r45,r45,r45,r45,r45,r45,s187,s188,,,,,,,,,,,,,,,,,,,,,,,,,,,,,,,,,,,,,
259,,,,,,,,,,,,,,r46,,,,,,,r46,r46,r46,r46,r46,r46,r46,r46,r46,r46,s187,s188,,,,,,,,,,,,,,,,,,,,,,,,,,,,,,,,,,,,,
260,,,,,,,,,,,,,,r47,,,,,,,r47,r47,r47,r47,r47,r47,r47,r47,r47,r47,s187,s188,,,,,,,,,,,,,,,,,,,,,,,,,,,,,,,,,,,,,
261,,,,,,,,,,,,,,r48,,,,,,,r48,r48,r48,r48,r48,r48,r48,r48,r48,r48,s187,s188,,,,,,,,,,,,,,,,,,,,,,,,,,,,,,,,,,,,,
262,,,,,,,,,,,,,,r50,,,,,,,r50,r50,r50,r50,r50,r50,r50,r50,r50,r50,r50,r50,s189,s190,,,,,,,,,,,,,,,,,,,,,,,,,,,,,,,,,,,
263,,,,,,,,,,,,,,r51,,,,,,,r51,r51,r51,r51,r51,r51,r51,r51,r51,r51,r51,r51,s189,s190,,,,,,,,,,,,,,,,,,,,,,,,,,,,,,,,,,,
264,,,,,,,,,,,,,,r53,,,,,,,r53,r53,r53,r53,r53,r53,r53,r53,r53,r53,r53,r53,r53,r53,s191,s192,,,,,,,,,,,,,,,,,,,,,,,,,,,,,,,,,
265,,,,,,,,,,,,,,r54,,,,,,,r54,r54,r54,r54,r54,r54,r54,r54,r54,r54,r54,r54,r54,r54,s191,s192,,,,,,,,,,,,,,,,,,,,,,,,,,,,,,,,,
266,,,,,,,,,,,,,,r56,,,,,,,r56,r56,r56,r56,r56,r56,r56,r56,r56,r56,r56,r56,r56,r56,r56,r56,,,,,,,,,,,,,,,,,,,,,,,,,,,,,,,,,
267,,,,,,,,,,,,,,r57,,,,,,,r57,r57,r57,r57,r57,r57,r57,r57,r57,r57,r57,r57,r57,r57,r57,r57,,,,,,,,,,,,,,,,,,,,,,,,,,,,,,,,,
268,,,,,,,,,s293,,,,,,,,,,,,,,,,,,,,,,,,,,,,,,,,,,,,,,,,,,,,,,,,,,,,,,,,,,,,
269,,,,,,,,,,,,,,r65,,,,,,,r65,r65,r65,r65,r65,r65,r65,r65,r65,r65,r65,r65,r65,r65,r65,r65,,,,,,,,,,,,,,,,,,,,,,,,,,,,,,,,,
270,,,,,,,,,,,,,,s294,,,,,,,,,,,,,,,,,,,,,,,,,,,,,,,,,,,,,,,,,,,,,,,,,,,,,,,
271,,,,,,,,,,,,,,s295,,,,,,,,,,,,,,,,,,,,,,,,,,,,,,,,,,,,,,,,,,,,,,,,,,,,,,,
272,,,,,,,,,,,,,,s296,,,,,,,,,,,,,,,,,,,,,,,,,,,,,,,,,,,,,,,,,,,,,,,,,,,,,,,
273,,,s43,,s10,,,,,s39,,s50,,,,s49,s19,s20,s21,s22,,,,,,,,,,,,,,,,,,,,,,,,297,,38,41,42,40,44,48,45,46,47,15,16,,,,,,,,,,,,,
274,,,s304,,s10,,,,,s300,,s311,,,,s310,s19,s20,s21,s22,,,,,,,,,,,,,,,,,,,,,,,,298,,299,302,303,301,305,309,306,307,308,15,16,,,,,,,,,,,,,
275,r26,,r26,,r26,,,,,,,r26,,,s312,r26,r26,r26,r26,r26,,,,,,,,,,,,,,,,,,,,,,,,,,,,,,,,,,,,,,,,,,,,,,,,,
276,r9,,r9,,r9,,,,,,,r9,,,r9,r9,r9,r9,r9,r9,,,,,,,,,,,,,,,,,,,,,,,,,,,,,,,,,,,,,,,,,,,,,,,,,
277,,,s115,,s10,,,,,,,s122,,,,s121,s19,s20,s21,s22,,,,,,,,,,,,,,,,,,,,,,,,,313,111,113,114,112,116,120,117,118,119,15,16,,,,,,,,,,,,,
278,,,s314,,,,,,,,,,,,,,,,,,,,,,,,,,,,,,,,,,,,,,,,,,,,,,,,,,,,,,,,,,,,,,,,,,
279,r14,,r14,,r14,,,,,,,r14,,,r14,r14,r14,r14,r14,r14,,,,,,,,,,,,,,,,,,,,,,,,,,,,,,,,,,,,,,,,,,,,,,,,,
280,,,s315,,,,,,,,,,,,,,,,,,,,,,,,,,,,,,,,,,,,,,,,,,,,,,,,,,,,,,,,,,,,,,,,,,
281,r16,,r16,,r16,,,,,,,r16,,,r16,r16,r16,r16,r16,r16,,,,,,,,,,,,,,,,,,,,,,,,,,,,,,,,,,,,,,,,,,,,,,,,,
282,r17,,r17,,r17,,,,,,,r17,,,r17,r17,r17,r17,r17,r17,,,,,,,,,,,,,,,,,,,,,,,,,,,,,,,,,,,,,,,,,,,,,,,,,
283,r18,,r18,,r18,,,,,,,r18,,,r18,r18,r18,r18,r18,r18,,,,,,,,,,,,,,,,,,,,,,,,,,,,,,,,,,,,,,,,,,,,,,,,,
284,,,s316,,,,,,,,,,,,,,,,,,,,,,,,,,,,,,,,,,,,,,,,,,,,,,,,,,,,,,,,,,,,,,,,,,
285,,,s317,,,,,,,,,,,,,,,,,,,,,,,,,,,,,,,,,,,,,,,,,,,,,,,,,,,,,,,,,,,,,,,,,,
286,r25,,r25,,r25,,,,,,,r25,,,r25,r25,r25,r25,r25,r25,,,,,,,,,,,,,,,,,,,,,,,,,,,,,,,,,,,,,,,,,,,,,,,,,
287,,,,,,,,,,,,,s318,,,,,,,,,,,,,,,,,,,,,,,,,,,,,,,,,,,,,,,,,,,,,,,,,,,,,,,,
288,,,,,,,,,,,,,s319,,,,,,,,,,,,,,,,,,,,,,,,,,,,,,,,,,,,,,,,,,,,,,,,,,,,,,,,
289,,,r23,,,,,,,,,,,,,,,,,,,,,,,,,,,,,,,,,,,,,,,,,,,,,,,,,,,,,,,,,,,,,,,,,,
290,,,,,,,,,r62,,,,,,,,,,,,r62,r62,r62,r62,r62,r62,r62,r62,r62,r62,r62,r62,r62,r62,r62,r62,,,,,,,,,,,,,,,,,,,,,,,,,,,,,,,,,
291,,,r62,,,,,,,,,,,,,,,,,,r62,r62,r62,r62,r62,r62,r62,r62,r62,r62,r62,r62,r62,r62,r62,r62,,,,,,,,,,,,,,,,,,,,,,,,,,,,,,,,,
292,,,s115,,s10,,,,,,s320,s122,,,,s121,s19,s20,s21,s22,,,,,,,,,,,,,,,,,,,,,,,,,,199,113,114,112,116,120,117,118,119,15,16,,,,,,,,,,,,,
293,,,,,,,,,,,,,,r62,,,,,,,r62,r62,r62,r62,r62,r62,r62,r62,r62,r62,r62,r62,r62,r62,r62,r62,,,,,,,,,,,,,,,,,,,,,,,,,,,,,,,,,
294,,,r29,,,,,,,,,,,,,,,,,,,,,,,,,,,,,,,,,,,,,,,,,,,,,,,,,,,,,,,,,,,,,,,,,,
295,,,s115,,s10,,,,,s323,,s122,,,,s121,s19,s20,s21,s22,,,,,,,,,,,,,,,,,,,,,,,,321,,322,113,114,112,116,120,117,118,119,15,16,,,,,,,,,,,,,
296,,,s330,,s10,,,,,s326,,s337,,,,s336,s19,s20,s21,s22,,,,,,,,,,,,,,,,,,,,,,,,324,,325,328,329,327,331,335,332,333,334,15,16,,,,,,,,,,,,,
297,,,,,,,,,,,,,,,,r28,,,,,,,,,,,,,,,,,,,,,,,,,,,,,,,,,,,,,,,,,,,,,,,,,,,,,
298,,,,,,,,,,,,,,,s338,r26,,,,,,,,,,,,,,,,,,,,,,,,,,,,,,,,,,,,,,,,,,,,,,,,,,,,,
299,,,,,,,,,,,,,,,r9,r9,,,,,,,,,,,,,,,,,,,,,,,,,,,,,,,,,,,,,,,,,,,,,,,,,,,,,
300,,,s115,,s10,,,,,,,s122,,,,s121,s19,s20,s21,s22,,,,,,,,,,,,,,,,,,,,,,,,,339,111,113,114,112,116,120,117,118,119,15,16,,,,,,,,,,,,,
301,,,s340,,,,,,,,,,,,,,,,,,,,,,,,,,,,,,,,,,,,,,,,,,,,,,,,,,,,,,,,,,,,,,,,,,
302,,,,,,,,,,,,,,,r14,r14,,,,,,,,,,,,,,,,,,,,,,,,,,,,,,,,,,,,,,,,,,,,,,,,,,,,,
303,,,s341,,,,,,,,,,,,,,,,,,,,,,,,,,,,,,,,,,,,,,,,,,,,,,,,,,,,,,,,,,,,,,,,,,
304,,,,,,,,,,,,,,,r16,r16,,,,,,,,,,,,,,,,,,,,,,,,,,,,,,,,,,,,,,,,,,,,,,,,,,,,,
305,,,,,,,,,,,,,,,r17,r17,,,,,,,,,,,,,,,,,,,,,,,,,,,,,,,,,,,,,,,,,,,,,,,,,,,,,
306,,,,,,,,,,,,,,,r18,r18,,,,,,,,,,,,,,,,,,,,,,,,,,,,,,,,,,,,,,,,,,,,,,,,,,,,,
307,,,s342,,,,,,,,,,,,,,,,,,,,,,,,,,,,,,,,,,,,,,,,,,,,,,,,,,,,,,,,,,,,,,,,,,
308,,,s343,,,,,,,,,,,,,,,,,,,,,,,,,,,,,,,,,,,,,,,,,,,,,,,,,,,,,,,,,,,,,,,,,,
309,,,,,,,,,,,,,,,r25,r25,,,,,,,,,,,,,,,,,,,,,,,,,,,,,,,,,,,,,,,,,,,,,,,,,,,,,
310,,,,,,,,,,,,,s344,,,,,,,,,,,,,,,,,,,,,,,,,,,,,,,,,,,,,,,,,,,,,,,,,,,,,,,,
311,,,,,,,,,,,,,s345,,,,,,,,,,,,,,,,,,,,,,,,,,,,,,,,,,,,,,,,,,,,,,,,,,,,,,,,
312,,,s9,,s10,,,,,s251,,s23,,,,s18,s19,s20,s21,s22,,,,,,,,,,,,,,,,,,,,,,,,346,,250,7,8,6,11,17,12,13,14,15,16,,,,,,,,,,,,,
313,,,s115,,s10,,,,,,s347,s122,,,,s121,s19,s20,s21,s22,,,,,,,,,,,,,,,,,,,,,,,,,,199,113,114,112,116,120,117,118,119,15,16,,,,,,,,,,,,,
314,r13,,r13,,r13,,,,,,,r13,,,r13,r13,r13,r13,r13,r13,,,,,,,,,,,,,,,,,,,,,,,,,,,,,,,,,,,,,,,,,,,,,,,,,
315,r15,,r15,,r15,,,,,,,r15,,,r15,r15,r15,r15,r15,r15,,,,,,,,,,,,,,,,,,,,,,,,,,,,,,,,,,,,,,,,,,,,,,,,,
316,r19,,r19,,r19,,,,,,,r19,,,r19,r19,r19,r19,r19,r19,,,,,,,,,,,,,,,,,,,,,,,,,,,,,,,,,,,,,,,,,,,,,,,,,
317,r20,,r20,,r20,,,,,,,r20,,,r20,r20,r20,r20,r20,r20,,,,,,,,,,,,,,,,,,,,,,,,,,,,,,,,,,,,,,,,,,,,,,,,,
318,,,,,s106,,s107,,,,,,s108,,,,,,,,,,,,,,,,,,,,,s104,,,s103,,,,,,,,,,,,,,,,,,,,348,93,94,95,96,97,98,99,100,101,102,105,
319,,,,,s106,,s107,,,,,,s108,,,,,,,,,,,,,,,,,,,,,s104,,,s103,,,,,,,,,,,,,,,,,,,,349,93,94,95,96,97,98,99,100,101,102,105,
320,r10,,r10,,r10,,,,,,,r10,,,,r10,r10,r10,r10,r10,,,,,,,,,,,,,,,,,,,,,,,,,,,,,,,,,,,,,,,,,,,,,,,,,
321,,,r28,,r28,,,,,,r28,r28,,,,r28,r28,r28,r28,r28,,,,,,,,,,,,,,,,,,,,,,,,,,,,,,,,,,,,,,,,,,,,,,,,,
322,,,r9,,r9,,,,,,r9,r9,,,,r9,r9,r9,r9,r9,,,,,,,,,,,,,,,,,,,,,,,,,,,,,,,,,,,,,,,,,,,,,,,,,
323,,,s115,,s10,,,,,,,s122,,,,s121,s19,s20,s21,s22,,,,,,,,,,,,,,,,,,,,,,,,,350,111,113,114,112,116,120,117,118,119,15,16,,,,,,,,,,,,,
324,,,r26,,r26,,,,,,r26,r26,,,s351,r26,r26,r26,r26,r26,,,,,,,,,,,,,,,,,,,,,,,,,,,,,,,,,,,,,,,,,,,,,,,,,
325,,,r9,,r9,,,,,,r9,r9,,,r9,r9,r9,r9,r9,r9,,,,,,,,,,,,,,,,,,,,,,,,,,,,,,,,,,,,,,,,,,,,,,,,,
326,,,s115,,s10,,,,,,,s122,,,,s121,s19,s20,s21,s22,,,,,,,,,,,,,,,,,,,,,,,,,352,111,113,114,112,116,120,117,118,119,15,16,,,,,,,,,,,,,
327,,,s353,,,,,,,,,,,,,,,,,,,,,,,,,,,,,,,,,,,,,,,,,,,,,,,,,,,,,,,,,,,,,,,,,,
328,,,r14,,r14,,,,,,r14,r14,,,r14,r14,r14,r14,r14,r14,,,,,,,,,,,,,,,,,,,,,,,,,,,,,,,,,,,,,,,,,,,,,,,,,
329,,,s354,,,,,,,,,,,,,,,,,,,,,,,,,,,,,,,,,,,,,,,,,,,,,,,,,,,,,,,,,,,,,,,,,,
330,,,r16,,r16,,,,,,r16,r16,,,r16,r16,r16,r16,r16,r16,,,,,,,,,,,,,,,,,,,,,,,,,,,,,,,,,,,,,,,,,,,,,,,,,
331,,,r17,,r17,,,,,,r17,r17,,,r17,r17,r17,r17,r17,r17,,,,,,,,,,,,,,,,,,,,,,,,,,,,,,,,,,,,,,,,,,,,,,,,,
332,,,r18,,r18,,,,,,r18,r18,,,r18,r18,r18,r18,r18,r18,,,,,,,,,,,,,,,,,,,,,,,,,,,,,,,,,,,,,,,,,,,,,,,,,
333,,,s355,,,,,,,,,,,,,,,,,,,,,,,,,,,,,,,,,,,,,,,,,,,,,,,,,,,,,,,,,,,,,,,,,,
334,,,s356,,,,,,,,,,,,,,,,,,,,,,,,,,,,,,,,,,,,,,,,,,,,,,,,,,,,,,,,,,,,,,,,,,
335,,,r25,,r25,,,,,,r25,r25,,,r25,r25,r25,r25,r25,r25,,,,,,,,,,,,,,,,,,,,,,,,,,,,,,,,,,,,,,,,,,,,,,,,,
336,,,,,,,,,,,,,s357,,,,,,,,,,,,,,,,,,,,,,,,,,,,,,,,,,,,,,,,,,,,,,,,,,,,,,,,
337,,,,,,,,,,,,,s358,,,,,,,,,,,,,,,,,,,,,,,,,,,,,,,,,,,,,,,,,,,,,,,,,,,,,,,,
338,,,s43,,s10,,,,,s39,,s50,,,,s49,s19,s20,s21,s22,,,,,,,,,,,,,,,,,,,,,,,,359,,38,41,42,40,44,48,45,46,47,15,16,,,,,,,,,,,,,
339,,,s115,,s10,,,,,,s360,s122,,,,s121,s19,s20,s21,s22,,,,,,,,,,,,,,,,,,,,,,,,,,199,113,114,112,116,120,117,118,119,15,16,,,,,,,,,,,,,
340,,,,,,,,,,,,,,,r13,r13,,,,,,,,,,,,,,,,,,,,,,,,,,,,,,,,,,,,,,,,,,,,,,,,,,,,,
341,,,,,,,,,,,,,,,r15,r15,,,,,,,,,,,,,,,,,,,,,,,,,,,,,,,,,,,,,,,,,,,,,,,,,,,,,
342,,,,,,,,,,,,,,,r19,r19,,,,,,,,,,,,,,,,,,,,,,,,,,,,,,,,,,,,,,,,,,,,,,,,,,,,,
343,,,,,,,,,,,,,,,r20,r20,,,,,,,,,,,,,,,,,,,,,,,,,,,,,,,,,,,,,,,,,,,,,,,,,,,,,
344,,,,,s106,,s107,,,,,,s108,,,,,,,,,,,,,,,,,,,,,s104,,,s103,,,,,,,,,,,,,,,,,,,,361,93,94,95,96,97,98,99,100,101,102,105,
345,,,,,s106,,s107,,,,,,s108,,,,,,,,,,,,,,,,,,,,,s104,,,s103,,,,,,,,,,,,,,,,,,,,362,93,94,95,96,97,98,99,100,101,102,105,
346,r27,,r27,,r27,,,,,,,r27,,,,r27,r27,r27,r27,r27,,,,,,,,,,,,,,,,,,,,,,,,,,,,,,,,,,,,,,,,,,,,,,,,,
347,r10,,r10,,r10,,,,,,,r10,,,r10,r10,r10,r10,r10,r10,,,,,,,,,,,,,,,,,,,,,,,,,,,,,,,,,,,,,,,,,,,,,,,,,
348,,,,,,,,,,,,,,s363,,,,,,,,,,,,,,,,,,,,,,,,,,,,,,,,,,,,,,,,,,,,,,,,,,,,,,,
349,,,,,,,,,,,,,,s364,,,,,,,,,,,,,,,,,,,,,,,,,,,,,,,,,,,,,,,,,,,,,,,,,,,,,,,
350,,,s115,,s10,,,,,,s365,s122,,,,s121,s19,s20,s21,s22,,,,,,,,,,,,,,,,,,,,,,,,,,199,113,114,112,116,120,117,118,119,15,16,,,,,,,,,,,,,
351,,,s115,,s10,,,,,s323,,s122,,,,s121,s19,s20,s21,s22,,,,,,,,,,,,,,,,,,,,,,,,366,,322,113,114,112,116,120,117,118,119,15,16,,,,,,,,,,,,,
352,,,s115,,s10,,,,,,s367,s122,,,,s121,s19,s20,s21,s22,,,,,,,,,,,,,,,,,,,,,,,,,,199,113,114,112,116,120,117,118,119,15,16,,,,,,,,,,,,,
353,,,r13,,r13,,,,,,r13,r13,,,r13,r13,r13,r13,r13,r13,,,,,,,,,,,,,,,,,,,,,,,,,,,,,,,,,,,,,,,,,,,,,,,,,
354,,,r15,,r15,,,,,,r15,r15,,,r15,r15,r15,r15,r15,r15,,,,,,,,,,,,,,,,,,,,,,,,,,,,,,,,,,,,,,,,,,,,,,,,,
355,,,r19,,r19,,,,,,r19,r19,,,r19,r19,r19,r19,r19,r19,,,,,,,,,,,,,,,,,,,,,,,,,,,,,,,,,,,,,,,,,,,,,,,,,
356,,,r20,,r20,,,,,,r20,r20,,,r20,r20,r20,r20,r20,r20,,,,,,,,,,,,,,,,,,,,,,,,,,,,,,,,,,,,,,,,,,,,,,,,,
357,,,,,s106,,s107,,,,,,s108,,,,,,,,,,,,,,,,,,,,,s104,,,s103,,,,,,,,,,,,,,,,,,,,368,93,94,95,96,97,98,99,100,101,102,105,
358,,,,,s106,,s107,,,,,,s108,,,,,,,,,,,,,,,,,,,,,s104,,,s103,,,,,,,,,,,,,,,,,,,,369,93,94,95,96,97,98,99,100,101,102,105,
359,,,,,,,,,,,,,,,,r27,,,,,,,,,,,,,,,,,,,,,,,,,,,,,,,,,,,,,,,,,,,,,,,,,,,,,
360,,,,,,,,,,,,,,,r10,r10,,,,,,,,,,,,,,,,,,,,,,,,,,,,,,,,,,,,,,,,,,,,,,,,,,,,,
361,,,,,,,,,,,,,,s370,,,,,,,,,,,,,,,,,,,,,,,,,,,,,,,,,,,,,,,,,,,,,,,,,,,,,,,
362,,,,,,,,,,,,,,s371,,,,,,,,,,,,,,,,,,,,,,,,,,,,,,,,,,,,,,,,,,,,,,,,,,,,,,,
363,,,s281,,s10,,,,,s277,,s288,,,,s287,s19,s20,s21,s22,,,,,,,,,,,,,,,,,,,,,,,,372,,276,279,280,278,282,286,283,284,285,15,16,,,,,,,,,,,,,
364,,,s281,,s10,,,,,s277,,s288,,,,s287,s19,s20,s21,s22,,,,,,,,,,,,,,,,,,,,,,,,373,,276,279,280,278,282,286,283,284,285,15,16,,,,,,,,,,,,,
365,,,r10,,r10,,,,,,r10,r10,,,,r10,r10,r10,r10,r10,,,,,,,,,,,,,,,,,,,,,,,,,,,,,,,,,,,,,,,,,,,,,,,,,
366,,,r27,,r27,,,,,,r27,r27,,,,r27,r27,r27,r27,r27,,,,,,,,,,,,,,,,,,,,,,,,,,,,,,,,,,,,,,,,,,,,,,,,,
367,,,r10,,r10,,,,,,r10,r10,,,r10,r10,r10,r10,r10,r10,,,,,,,,,,,,,,,,,,,,,,,,,,,,,,,,,,,,,,,,,,,,,,,,,
368,,,,,,,,,,,,,,s374,,,,,,,,,,,,,,,,,,,,,,,,,,,,,,,,,,,,,,,,,,,,,,,,,,,,,,,
369,,,,,,,,,,,,,,s375,,,,,,,,,,,,,,,,,,,,,,,,,,,,,,,,,,,,,,,,,,,,,,,,,,,,,,,
370,,,s304,,s10,,,,,s300,,s311,,,,s310,s19,s20,s21,s22,,,,,,,,,,,,,,,,,,,,,,,,376,,299,302,303,301,305,309,306,307,308,15,16,,,,,,,,,,,,,
371,,,s304,,s10,,,,,s300,,s311,,,,s310,s19,s20,s21,s22,,,,,,,,,,,,,,,,,,,,,,,,377,,299,302,303,301,305,309,306,307,308,15,16,,,,,,,,,,,,,
372,r28,,r28,,r28,,,,,,,r28,,,r28,r28,r28,r28,r28,r28,,,,,,,,,,,,,,,,,,,,,,,,,,,,,,,,,,,,,,,,,,,,,,,,,
373,r26,,r26,,r26,,,,,,,r26,,,s378 / r26,r26,r26,r26,r26,r26,,,,,,,,,,,,,,,,,,,,,,,,,,,,,,,,,,,,,,,,,,,,,,,,,
374,,,s330,,s10,,,,,s326,,s337,,,,s336,s19,s20,s21,s22,,,,,,,,,,,,,,,,,,,,,,,,379,,325,328,329,327,331,335,332,333,334,15,16,,,,,,,,,,,,,
375,,,s330,,s10,,,,,s326,,s337,,,,s336,s19,s20,s21,s22,,,,,,,,,,,,,,,,,,,,,,,,380,,325,328,329,327,331,335,332,333,334,15,16,,,,,,,,,,,,,
376,,,,,,,,,,,,,,,r28,r28,,,,,,,,,,,,,,,,,,,,,,,,,,,,,,,,,,,,,,,,,,,,,,,,,,,,,
377,,,,,,,,,,,,,,,s381 / r26,r26,,,,,,,,,,,,,,,,,,,,,,,,,,,,,,,,,,,,,,,,,,,,,,,,,,,,,
378,,,s281,,s10,,,,,s277,,s288,,,,s287,s19,s20,s21,s22,,,,,,,,,,,,,,,,,,,,,,,,382,,276,279,280,278,282,286,283,284,285,15,16,,,,,,,,,,,,,
379,,,r28,,r28,,,,,,r28,r28,,,r28,r28,r28,r28,r28,r28,,,,,,,,,,,,,,,,,,,,,,,,,,,,,,,,,,,,,,,,,,,,,,,,,
380,,,r26,,r26,,,,,,r26,r26,,,s383 / r26,r26,r26,r26,r26,r26,,,,,,,,,,,,,,,,,,,,,,,,,,,,,,,,,,,,,,,,,,,,,,,,,
381,,,s304,,s10,,,,,s300,,s311,,,,s310,s19,s20,s21,s22,,,,,,,,,,,,,,,,,,,,,,,,384,,299,302,303,301,305,309,306,307,308,15,16,,,,,,,,,,,,,
382,r27,,r27,,r27,,,,,,,r27,,,r27,r27,r27,r27,r27,r27,,,,,,,,,,,,,,,,,,,,,,,,,,,,,,,,,,,,,,,,,,,,,,,,,
383,,,s330,,s10,,,,,s326,,s337,,,,s336,s19,s20,s21,s22,,,,,,,,,,,,,,,,,,,,,,,,385,,325,328,329,327,331,335,332,333,334,15,16,,,,,,,,,,,,,
384,,,,,,,,,,,,,,,r27,r27,,,,,,,,,,,,,,,,,,,,,,,,,,,,,,,,,,,,,,,,,,,,,,,,,,,,,
385,,,r27,,r27,,,,,,r27,r27,,,r27,r27,r27,r27,r27,r27,,,,,,,,,,,,,,,,,,,,,,,,,,,,,,,,,,,,,,,,,,,,,,,,,